,Carrier_Code_x,Date,Flight_Number_x,Tail_Number_x,Scheduled departure time_x,dep_hour_x,dep_day_x,dep_year_x,dep_order_x,Origin_Airport,Scheduled Arrival Time_x,Arrival Delay (Minutes)_x,arr_hour_x,arr_day_x,dep_min_x,arr_min_x,arr_status_x,Carrier_Code_y,Flight_Number_y,Tail_Number_y,Scheduled departure time_y,dep_hour_y,dep_day_y,dep_year_y,dep_order_y,Scheduled Arrival Time_y,Arrival Delay (Minutes)_y,arr_hour_y,arr_day_y,dep_min_y,arr_min_y,arr_status_y,hour_diff
313,MQ,2023-07-04,3402,N298FR,18:30,18,1,2023,latter,ORD,21:25,1,21,1,30,25,1,UA,210,N57439,18:20,18,1,2023.0,early,21:14,19.0,21,1,20,14,2.0,0
314,MQ,2023-07-05,3402,N768RD,18:36,18,2,2023,latter,ORD,21:32,0,21,2,36,32,1,UA,210,N38479,18:20,18,2,2023.0,early,21:14,104.0,21,2,20,14,2.0,0
317,MQ,2023-07-06,3402,N634RW,18:36,18,3,2023,latter,ORD,21:32,-8,21,3,36,32,0,UA,210,N38459,18:20,18,3,2023.0,early,21:14,-21.0,21,3,20,14,0.0,0
328,MQ,2023-07-10,3402,N228NN,18:36,18,0,2023,latter,ORD,21:32,63,21,0,36,32,2,UA,210,N69804,18:20,18,0,2023.0,early,21:14,162.0,21,0,20,14,2.0,0
331,MQ,2023-07-11,3402,N449YX,18:36,18,1,2023,latter,ORD,21:32,53,21,1,36,32,2,UA,210,N39423,18:20,18,1,2023.0,early,21:14,5.0,21,1,20,14,1.0,0
334,MQ,2023-07-12,3402,N761RW,18:36,18,2,2023,latter,ORD,21:32,127,21,2,36,32,2,UA,210,N27503,18:20,18,2,2023.0,early,21:14,134.0,21,2,20,14,2.0,0
337,MQ,2023-07-13,3402,N768RD,18:36,18,3,2023,latter,ORD,21:32,17,21,3,36,32,2,UA,210,N38473,18:20,18,3,2023.0,early,21:14,23.0,21,3,20,14,2.0,0
348,MQ,2023-07-17,3402,N874RW,18:36,18,0,2023,latter,ORD,21:32,6,21,0,36,32,2,UA,210,N37470,18:20,18,0,2023.0,early,21:14,-7.0,21,0,20,14,0.0,0
351,MQ,2023-07-18,3402,N634RW,18:36,18,1,2023,latter,ORD,21:32,-13,21,1,36,32,0,UA,210,N78438,18:20,18,1,2023.0,early,21:14,-23.0,21,1,20,14,0.0,0
354,MQ,2023-07-19,3402,N768RD,18:36,18,2,2023,latter,ORD,21:32,-4,21,2,36,32,1,UA,210,N57439,18:20,18,2,2023.0,early,21:14,-15.0,21,2,20,14,0.0,0
357,MQ,2023-07-20,3402,N868RW,18:36,18,3,2023,latter,ORD,21:32,38,21,3,36,32,2,UA,210,N66841,18:20,18,3,2023.0,early,21:14,61.0,21,3,20,14,2.0,0
368,MQ,2023-07-24,3402,N279MQ,18:36,18,0,2023,latter,ORD,21:32,120,21,0,36,32,2,UA,210,N67815,18:20,18,0,2023.0,early,21:14,-11.0,21,0,20,14,0.0,0
371,MQ,2023-07-25,3402,N760MQ,18:36,18,1,2023,latter,ORD,21:32,0,21,1,36,32,1,UA,210,N39461,18:20,18,1,2023.0,early,21:14,-1.0,21,1,20,14,1.0,0
374,MQ,2023-07-26,3402,N769KW,18:36,18,2,2023,latter,ORD,21:32,0,21,2,36,32,1,UA,210,N62896,18:20,18,2,2023.0,early,21:14,144.0,21,2,20,14,2.0,0
377,MQ,2023-07-27,3402,N302RN,18:36,18,3,2023,latter,ORD,21:32,-6,21,3,36,32,0,UA,210,N36444,18:20,18,3,2023.0,early,21:14,24.0,21,3,20,14,2.0,0
388,MQ,2023-07-31,3402,N766JM,18:36,18,0,2023,latter,ORD,21:32,-20,21,0,36,32,0,UA,210,N37434,18:20,18,0,2023.0,early,21:14,-12.0,21,0,20,14,0.0,0
391,MQ,2023-08-01,3402,N809MD,18:36,18,1,2023,latter,ORD,21:32,5,21,1,36,32,1,UA,210,N37464,18:20,18,1,2023.0,early,21:14,-19.0,21,1,20,14,0.0,0
397,MQ,2023-08-02,3402,N765ST,18:36,18,2,2023,latter,ORD,21:32,-1,21,2,36,32,1,UA,210,N62896,18:20,18,2,2023.0,early,21:14,13.0,21,2,20,14,2.0,0
403,MQ,2023-08-03,3402,N769KW,18:36,18,3,2023,latter,ORD,21:32,13,21,3,36,32,2,UA,210,N62896,18:20,18,3,2023.0,early,21:14,4.0,21,3,20,14,1.0,0
738,MQ,2022-09-06,4203,N763CC,14:59,14,1,2022,latter,ORD,17:45,-9,17,1,59,45,0,UA,2419,N882UA,14:00,14,1,2022.0,early,16:51,-23.0,16,1,00,51,0.0,0
739,MQ,2023-09-06,3324,N760MQ,18:55,18,2,2023,latter,ORD,21:54,2,21,2,55,54,1,UA,538,N12238,18:00,18,2,2023.0,early,20:48,103.0,20,2,00,48,2.0,0
752,MQ,2023-09-08,3324,N868RW,18:55,18,4,2023,latter,ORD,21:54,-16,21,4,55,54,0,UA,538,N11206,18:00,18,4,2023.0,early,20:48,27.0,20,4,00,48,2.0,0
770,MQ,2023-09-11,3324,N261NN,18:55,18,0,2023,latter,ORD,21:54,3,21,0,55,54,1,UA,538,N77261,18:00,18,0,2023.0,early,20:48,39.0,20,0,00,48,2.0,0
779,MQ,2023-09-12,3324,N766JM,18:55,18,1,2023,latter,ORD,21:54,29,21,1,55,54,2,UA,538,N73251,18:00,18,1,2023.0,early,20:48,-12.0,20,1,00,48,0.0,0
785,MQ,2023-09-13,3324,N873RW,18:55,18,2,2023,latter,ORD,21:54,-8,21,2,55,54,0,UA,538,N33209,18:00,18,2,2023.0,early,20:48,7.0,20,2,00,48,2.0,0
791,MQ,2023-09-14,3324,N761RW,18:55,18,3,2023,latter,ORD,21:54,14,21,3,55,54,2,UA,538,N76502,18:00,18,3,2023.0,early,20:48,-9.0,20,3,00,48,0.0,0
800,MQ,2023-09-15,3324,N874RW,18:55,18,4,2023,latter,ORD,21:54,-12,21,4,55,54,0,UA,538,N37293,18:00,18,4,2023.0,early,20:48,2.0,20,4,00,48,1.0,0
809,MQ,2023-09-16,3324,N761RW,18:55,18,5,2023,latter,ORD,21:54,-5,21,5,55,54,1,UA,538,N17314,18:09,18,5,2023.0,early,20:57,-8.0,20,5,09,57,0.0,0
815,MQ,2023-09-17,3324,N284JN,18:55,18,6,2023,latter,ORD,21:54,-17,21,6,55,54,0,UA,538,N47291,18:09,18,6,2023.0,early,20:57,-5.0,20,6,09,57,1.0,0
821,MQ,2023-09-18,3324,N449YX,18:55,18,0,2023,latter,ORD,21:54,-11,21,0,55,54,0,UA,538,N27252,18:09,18,0,2023.0,early,20:57,-11.0,20,0,09,57,0.0,0
830,MQ,2023-09-19,3324,N760MQ,18:55,18,1,2023,latter,ORD,21:54,-2,21,1,55,54,1,UA,538,N76265,18:09,18,1,2023.0,early,20:57,23.0,20,1,09,57,2.0,0
836,MQ,2023-09-20,3324,N809MD,18:55,18,2,2023,latter,ORD,21:54,-1,21,2,55,54,1,UA,538,N27252,18:09,18,2,2023.0,early,20:57,16.0,20,2,09,57,2.0,0
842,MQ,2023-09-21,3324,N874RW,18:55,18,3,2023,latter,ORD,21:54,-1,21,3,55,54,1,UA,538,N27252,18:09,18,3,2023.0,early,20:57,12.0,20,3,09,57,2.0,0
857,MQ,2023-09-23,3324,N783LC,18:55,18,5,2023,latter,ORD,21:54,14,21,5,55,54,2,UA,538,N37313,18:09,18,5,2023.0,early,20:57,-4.0,20,5,09,57,1.0,0
863,MQ,2023-09-24,3324,N868RW,18:55,18,6,2023,latter,ORD,21:54,47,21,6,55,54,2,UA,538,N77259,18:09,18,6,2023.0,early,20:57,-9.0,20,6,09,57,0.0,0
872,MQ,2023-09-25,3324,N806MD,18:55,18,0,2023,latter,ORD,21:54,-1,21,0,55,54,1,UA,538,N77259,18:09,18,0,2023.0,early,20:57,9.0,20,0,09,57,2.0,0
881,MQ,2023-09-26,3324,N873RW,18:55,18,1,2023,latter,ORD,21:54,9,21,1,55,54,2,UA,538,N17301,18:09,18,1,2023.0,early,20:57,-9.0,20,1,09,57,0.0,0
887,MQ,2023-09-27,3324,N809MD,18:55,18,2,2023,latter,ORD,21:54,-4,21,2,55,54,1,UA,538,N17311,18:09,18,2,2023.0,early,20:57,15.0,20,2,09,57,2.0,0
893,MQ,2023-09-28,3324,N768RD,18:55,18,3,2023,latter,ORD,21:54,0,21,3,55,54,1,UA,538,N27283,18:09,18,3,2023.0,early,20:57,-8.0,20,3,09,57,0.0,0
903,MQ,2023-09-29,3324,N761RW,18:55,18,4,2023,latter,ORD,21:54,6,21,4,55,54,2,UA,2145,N37287,18:20,18,4,2023.0,early,21:08,-4.0,21,4,20,08,1.0,0
915,MQ,2023-09-30,3324,N764JD,18:55,18,5,2023,latter,ORD,21:54,4,21,5,55,54,1,UA,2670,N27268,18:20,18,5,2023.0,early,21:08,14.0,21,5,20,08,2.0,0
920,MQ,2022-10-01,4203,N302RN,14:56,14,5,2022,latter,ORD,17:46,-3,17,5,56,46,1,UA,1917,N899UA,14:10,14,5,2022.0,early,16:57,-3.0,16,5,10,57,1.0,0
922,MQ,2023-10-01,3324,N806MD,18:55,18,6,2023,latter,ORD,21:54,-6,21,6,55,54,0,UA,1494,N76517,18:20,18,6,2023.0,early,21:08,176.0,21,6,20,08,2.0,0
931,MQ,2023-10-02,3324,N772MR,18:55,18,0,2023,latter,ORD,21:54,17,21,0,55,54,2,UA,1494,N37464,18:20,18,0,2023.0,early,21:08,-4.0,21,0,20,08,1.0,0
940,MQ,2023-10-03,3324,N821MD,18:55,18,1,2023,latter,ORD,21:54,62,21,1,55,54,2,UA,1494,N77510,18:20,18,1,2023.0,early,21:08,-2.0,21,1,20,08,1.0,0
944,MQ,2022-10-04,4203,N293NN,14:56,14,1,2022,latter,ORD,17:46,-4,17,1,56,46,1,UA,1917,N825UA,14:00,14,1,2022.0,early,16:47,-3.0,16,1,00,47,1.0,0
946,MQ,2023-10-04,3324,N868RW,18:55,18,2,2023,latter,ORD,21:54,12,21,2,55,54,2,UA,1494,N87507,18:20,18,2,2023.0,early,21:08,63.0,21,2,20,08,2.0,0
950,MQ,2022-10-05,4203,N302RN,14:56,14,2,2022,latter,ORD,17:46,-24,17,2,56,46,0,UA,1917,N873UA,14:00,14,2,2022.0,early,16:47,-4.0,16,2,00,47,1.0,0
952,MQ,2023-10-05,3324,N766JM,18:45,18,3,2023,latter,ORD,21:42,9,21,3,45,42,2,UA,1494,N37263,18:20,18,3,2023.0,early,21:08,3.0,21,3,20,08,1.0,0
957,MQ,2023-10-06,3324,N762DT,18:45,18,4,2023,latter,ORD,21:42,1,21,4,45,42,1,UA,1494,N76504,18:20,18,4,2023.0,early,21:08,-10.0,21,4,20,08,0.0,0
962,MQ,2023-10-07,3324,N761RW,18:45,18,5,2023,latter,ORD,21:42,-9,21,5,45,42,0,UA,1494,N17229,18:20,18,5,2023.0,early,21:08,20.0,21,5,20,08,2.0,0
966,MQ,2023-10-08,3324,N218NN,18:45,18,6,2023,latter,ORD,21:42,0,21,6,45,42,1,UA,1494,N68805,18:20,18,6,2023.0,early,21:08,2.0,21,6,20,08,1.0,0
971,MQ,2023-10-09,3324,N769KW,18:45,18,0,2023,latter,ORD,21:42,11,21,0,45,42,2,UA,1494,N76504,18:20,18,0,2023.0,early,21:08,6.0,21,0,20,08,2.0,0
976,MQ,2023-10-10,3324,N769KW,18:45,18,1,2023,latter,ORD,21:42,-17,21,1,45,42,0,UA,1494,N76504,18:20,18,1,2023.0,early,21:08,-19.0,21,1,20,08,0.0,0
980,MQ,2023-10-11,3324,N635RW,18:45,18,2,2023,latter,ORD,21:42,-4,21,2,45,42,1,UA,1494,N13227,18:20,18,2,2023.0,early,21:08,-3.0,21,2,20,08,1.0,0
984,MQ,2023-10-12,3324,N635RW,18:45,18,3,2023,latter,ORD,21:42,5,21,3,45,42,1,UA,1494,N37290,18:20,18,3,2023.0,early,21:08,57.0,21,3,20,08,2.0,0
989,MQ,2023-10-13,3324,N783LC,18:45,18,4,2023,latter,ORD,21:42,22,21,4,45,42,2,UA,1494,N87531,18:20,18,4,2023.0,early,21:08,-3.0,21,4,20,08,1.0,0
998,MQ,2023-10-15,3324,N282NN,18:45,18,6,2023,latter,ORD,21:42,5,21,6,45,42,1,UA,1494,N68843,18:20,18,6,2023.0,early,21:08,38.0,21,6,20,08,2.0,0
1003,MQ,2023-10-16,3324,N768RD,18:45,18,0,2023,latter,ORD,21:42,16,21,0,45,42,2,UA,1494,N76533,18:20,18,0,2023.0,early,21:08,32.0,21,0,20,08,2.0,0
1008,MQ,2023-10-17,3324,N821MD,18:45,18,1,2023,latter,ORD,21:42,27,21,1,45,42,2,UA,1494,N24202,18:20,18,1,2023.0,early,21:08,2.0,21,1,20,08,1.0,0
1012,MQ,2023-10-18,3324,N806MD,18:45,18,2,2023,latter,ORD,21:42,-5,21,2,45,42,1,UA,1494,N14219,18:20,18,2,2023.0,early,21:08,-1.0,21,2,20,08,1.0,0
1016,MQ,2023-10-19,3324,N766JM,18:45,18,3,2023,latter,ORD,21:42,9,21,3,45,42,2,UA,1494,N37290,18:20,18,3,2023.0,early,21:08,68.0,21,3,20,08,2.0,0
1021,MQ,2023-10-20,3324,N635RW,18:45,18,4,2023,latter,ORD,21:42,1,21,4,45,42,1,UA,1494,N16234,18:20,18,4,2023.0,early,21:08,12.0,21,4,20,08,2.0,0
1026,MQ,2023-10-21,3324,N636RW,18:45,18,5,2023,latter,ORD,21:42,7,21,5,45,42,2,UA,1494,N17322,18:20,18,5,2023.0,early,21:08,4.0,21,5,20,08,1.0,0
1030,MQ,2023-10-22,3324,N806MD,18:45,18,6,2023,latter,ORD,21:42,-7,21,6,45,42,0,UA,1494,N66837,18:20,18,6,2023.0,early,21:08,17.0,21,6,20,08,2.0,0
1040,MQ,2023-10-24,3324,N760MQ,18:45,18,1,2023,latter,ORD,21:42,-7,21,1,45,42,0,UA,1494,N17244,18:20,18,1,2023.0,early,21:08,-6.0,21,1,20,08,0.0,0
1044,MQ,2023-10-25,3324,N761RW,18:45,18,2,2023,latter,ORD,21:42,-1,21,2,45,42,1,UA,1494,N37255,18:20,18,2,2023.0,early,21:08,10.0,21,2,20,08,2.0,0
1048,MQ,2023-10-26,3324,N770JM,18:45,18,3,2023,latter,ORD,21:42,10,21,3,45,42,2,UA,1494,N76265,18:20,18,3,2023.0,early,21:08,12.0,21,3,20,08,2.0,0
1053,MQ,2023-10-27,3324,N450YX,18:45,18,4,2023,latter,ORD,21:42,28,21,4,45,42,2,UA,1494,N76514,18:20,18,4,2023.0,early,21:08,-7.0,21,4,20,08,0.0,0
1060,MQ,2023-10-29,3324,N766JM,18:45,18,6,2023,latter,ORD,21:42,-20,21,6,45,42,0,UA,538,N896UA,18:10,18,6,2023.0,early,21:01,-12.0,21,6,10,01,0.0,0
1063,MQ,2023-10-30,3324,N809MD,18:45,18,0,2023,latter,ORD,21:42,4,21,0,45,42,1,UA,538,N821UA,18:10,18,0,2023.0,early,21:01,-13.0,21,0,10,01,0.0,0
1066,MQ,2023-10-31,3324,N305CL,18:30,18,1,2023,latter,ORD,21:28,89,21,1,30,28,2,UA,538,N810UA,18:10,18,1,2023.0,early,21:01,30.0,21,1,10,01,2.0,0
1069,MQ,2023-11-01,3324,N779RN,18:45,18,2,2023,latter,ORD,21:42,2,21,2,45,42,1,UA,538,N841UA,18:10,18,2,2023.0,early,21:01,-14.0,21,2,10,01,0.0,0
1072,MQ,2023-11-02,3324,N770JM,18:45,18,3,2023,latter,ORD,21:42,-12,21,3,45,42,0,UA,538,N852UA,18:10,18,3,2023.0,early,21:01,-23.0,21,3,10,01,0.0,0
1077,MQ,2023-11-03,3324,N806MD,18:45,18,4,2023,latter,ORD,21:42,25,21,4,45,42,2,UA,538,N809UA,18:10,18,4,2023.0,early,21:01,-14.0,21,4,10,01,0.0,0
1082,MQ,2023-11-04,3324,N240NN,18:45,18,5,2023,latter,ORD,21:42,17,21,5,45,42,2,UA,538,N806UA,18:10,18,5,2023.0,early,21:01,-13.0,21,5,10,01,0.0,0
1086,MQ,2023-11-05,3324,N779RN,18:56,18,6,2023,latter,ORD,21:53,3,21,6,56,53,1,UA,538,N835UA,18:10,18,6,2023.0,early,21:01,-8.0,21,6,10,01,0.0,0
1091,MQ,2023-11-06,3324,N868RW,18:56,18,0,2023,latter,ORD,21:53,-8,21,0,56,53,0,UA,538,N835UA,18:10,18,0,2023.0,early,21:01,26.0,21,0,10,01,2.0,0
1096,MQ,2023-11-07,3324,N768RD,18:56,18,1,2023,latter,ORD,21:53,13,21,1,56,53,2,UA,538,N896UA,18:10,18,1,2023.0,early,21:01,-14.0,21,1,10,01,0.0,0
1100,MQ,2023-11-08,3324,N768RD,18:56,18,2,2023,latter,ORD,21:53,46,21,2,56,53,2,UA,538,N883UA,18:10,18,2,2023.0,early,21:01,-2.0,21,2,10,01,1.0,0
1104,MQ,2023-11-09,3324,N772MR,18:56,18,3,2023,latter,ORD,21:53,-26,21,3,56,53,0,UA,538,N835UA,18:10,18,3,2023.0,early,21:01,-19.0,21,3,10,01,0.0,0
1117,MQ,2023-11-11,3324,N636RW,18:56,18,5,2023,latter,ORD,21:53,1,21,5,56,53,1,UA,538,N809UA,18:10,18,5,2023.0,early,21:01,7.0,21,5,10,01,2.0,0
1121,MQ,2023-11-12,3324,N768RD,18:56,18,6,2023,latter,ORD,21:53,-12,21,6,56,53,0,UA,538,N803UA,18:10,18,6,2023.0,early,21:01,10.0,21,6,10,01,2.0,0
1132,MQ,2023-11-13,3324,N770JM,18:56,18,0,2023,latter,ORD,21:53,-19,21,0,56,53,0,UA,538,N813UA,18:10,18,0,2023.0,early,21:01,0.0,21,0,10,01,1.0,0
1137,MQ,2023-11-14,3324,N770JM,18:56,18,1,2023,latter,ORD,21:53,-1,21,1,56,53,1,UA,538,N823UA,18:10,18,1,2023.0,early,21:01,-16.0,21,1,10,01,0.0,0
1141,MQ,2023-11-15,3324,N770JM,18:56,18,2,2023,latter,ORD,21:53,-8,21,2,56,53,0,UA,538,N847UA,18:10,18,2,2023.0,early,21:01,-19.0,21,2,10,01,0.0,0
1564,9E,2023-02-06,5009,N135EV,22:30,22,0,2023,latter,JFK,23:57,-20,23,0,30,57,0,B6,2516,N267JB,22:20,22,0,2023.0,early,23:31,-4.0,23,0,20,31,1.0,0
1572,9E,2023-02-07,5009,N335PQ,22:30,22,1,2023,latter,JFK,23:57,1,23,1,30,57,1,B6,2516,N187JB,22:20,22,1,2023.0,early,23:31,-9.0,23,1,20,31,0.0,0
1580,9E,2023-02-08,5009,N329PQ,22:30,22,2,2023,latter,JFK,23:57,-12,23,2,30,57,0,B6,2516,N187JB,22:20,22,2,2023.0,early,23:31,-3.0,23,2,20,31,1.0,0
1588,9E,2023-02-09,5009,N929XJ,22:30,22,3,2023,latter,JFK,23:57,-20,23,3,30,57,0,B6,2516,N187JB,22:20,22,3,2023.0,early,23:31,-4.0,23,3,20,31,1.0,0
1596,9E,2023-02-10,5009,N302PQ,22:30,22,4,2023,latter,JFK,23:57,-26,23,4,30,57,0,B6,2516,N198JB,22:20,22,4,2023.0,early,23:31,17.0,23,4,20,31,2.0,0
1604,9E,2023-02-11,5009,N131EV,22:30,22,5,2023,latter,JFK,23:57,-15,23,5,30,57,0,B6,2516,N324JB,22:20,22,5,2023.0,early,23:31,16.0,23,5,20,31,2.0,0
1612,9E,2023-02-12,5009,N335PQ,22:30,22,6,2023,latter,JFK,23:57,-6,23,6,30,57,0,B6,2516,N324JB,22:20,22,6,2023.0,early,23:31,18.0,23,6,20,31,2.0,0
1620,9E,2023-02-13,5009,N200PQ,22:30,22,0,2023,latter,JFK,23:57,-18,23,0,30,57,0,B6,2516,N228JB,22:20,22,0,2023.0,early,23:31,132.0,23,0,20,31,2.0,0
1628,9E,2023-02-14,5009,N925XJ,22:30,22,1,2023,latter,JFK,23:57,-22,23,1,30,57,0,B6,2516,N337JB,22:20,22,1,2023.0,early,23:31,-16.0,23,1,20,31,0.0,0
1636,9E,2023-02-15,5009,N605LR,22:30,22,2,2023,latter,JFK,23:57,-16,23,2,30,57,0,B6,2516,N337JB,22:20,22,2,2023.0,early,23:31,-18.0,23,2,20,31,0.0,0
2052,9E,2023-04-10,5224,N184GJ,13:59,13,0,2023,latter,JFK,15:20,-8,15,0,59,20,0,B6,116,N324JB,13:30,13,0,2023.0,early,14:42,-17.0,14,0,30,42,0.0,0
2053,9E,2023-04-10,5340,N294PQ,22:50,22,0,2023,latter,JFK,0:12,-8,0,0,50,12,0,B6,16,N348JB,22:45,22,0,2023.0,early,0:04,24.0,0,0,45,04,2.0,0
2061,9E,2023-04-11,5224,N927XJ,13:59,13,1,2023,latter,JFK,15:20,-15,15,1,59,20,0,B6,116,N184JB,13:30,13,1,2023.0,early,14:42,26.0,14,1,30,42,2.0,0
2062,9E,2023-04-11,5340,N134EV,22:50,22,1,2023,latter,JFK,0:12,6,0,1,50,12,2,B6,16,N238JB,22:45,22,1,2023.0,early,0:04,18.0,0,1,45,04,2.0,0
2070,9E,2023-04-12,5224,N325PQ,13:59,13,2,2023,latter,JFK,15:20,23,15,2,59,20,2,B6,116,N229JB,13:30,13,2,2023.0,early,14:42,67.0,14,2,30,42,2.0,0
2071,9E,2023-04-12,5340,N295PQ,22:50,22,2,2023,latter,JFK,0:12,-18,0,2,50,12,0,B6,16,N284JB,22:45,22,2,2023.0,early,0:04,-21.0,0,2,45,04,0.0,0
2079,9E,2023-04-13,5224,N320PQ,13:59,13,3,2023,latter,JFK,15:20,-16,15,3,59,20,0,B6,116,N192JB,13:30,13,3,2023.0,early,14:42,-19.0,14,3,30,42,0.0,0
2080,9E,2023-04-13,5340,N182GJ,22:50,22,3,2023,latter,JFK,0:12,-13,0,3,50,12,0,B6,16,N375JB,22:45,22,3,2023.0,early,0:04,-13.0,0,3,45,04,0.0,0
2088,9E,2023-04-14,5224,N907XJ,13:59,13,4,2023,latter,JFK,15:20,9,15,4,59,20,2,B6,116,N229JB,13:30,13,4,2023.0,early,14:42,-8.0,14,4,30,42,0.0,0
2089,9E,2023-04-14,5340,N131EV,22:50,22,4,2023,latter,JFK,0:12,40,0,4,50,12,2,B6,16,N348JB,22:45,22,4,2023.0,early,0:04,-21.0,0,4,45,04,0.0,0
2097,9E,2023-04-15,5224,N131EV,13:59,13,5,2023,latter,JFK,15:20,125,15,5,59,20,2,B6,116,N267JB,13:26,13,5,2023.0,early,14:38,-6.0,14,5,26,38,0.0,0
2098,9E,2023-04-15,5340,N153PQ,22:50,22,5,2023,latter,JFK,0:12,0,0,5,50,12,1,B6,16,N179JB,22:45,22,5,2023.0,early,0:04,0.0,0,5,45,04,1.0,0
2106,9E,2023-04-16,5224,N538CA,13:59,13,6,2023,latter,JFK,15:20,-7,15,6,59,20,0,B6,116,N258JB,13:30,13,6,2023.0,early,14:42,112.0,14,6,30,42,2.0,0
2107,9E,2023-04-16,5340,N197PQ,22:50,22,6,2023,latter,JFK,0:12,-6,0,6,50,12,0,B6,16,N323JB,22:45,22,6,2023.0,early,0:04,59.0,0,6,45,04,2.0,0
2115,9E,2023-04-17,5224,N279PQ,13:59,13,0,2023,latter,JFK,15:20,10,15,0,59,20,2,B6,116,N198JB,13:30,13,0,2023.0,early,14:42,68.0,14,0,30,42,2.0,0
2116,9E,2023-04-17,5340,N933XJ,22:50,22,0,2023,latter,JFK,0:12,2,0,0,50,12,1,B6,16,N179JB,22:45,22,0,2023.0,early,0:04,39.0,0,0,45,04,2.0,0
2124,9E,2023-04-18,5224,N131EV,13:59,13,1,2023,latter,JFK,15:20,0,15,1,59,20,1,B6,116,N339JB,13:30,13,1,2023.0,early,14:42,37.0,14,1,30,42,2.0,0
2125,9E,2023-04-18,5340,N695CA,22:50,22,1,2023,latter,JFK,0:12,-10,0,1,50,12,0,B6,16,N187JB,22:45,22,1,2023.0,early,0:04,21.0,0,1,45,04,2.0,0
2133,9E,2023-04-19,5224,N341PQ,13:59,13,2,2023,latter,JFK,15:20,6,15,2,59,20,2,B6,116,N339JB,13:30,13,2,2023.0,early,14:42,-6.0,14,2,30,42,0.0,0
2134,9E,2023-04-19,5340,N184GJ,22:50,22,2,2023,latter,JFK,0:12,11,0,2,50,12,2,B6,16,N317JB,22:45,22,2,2023.0,early,0:04,14.0,0,2,45,04,2.0,0
2142,9E,2023-04-20,5224,N324PQ,13:59,13,3,2023,latter,JFK,15:20,-17,15,3,59,20,0,B6,116,N197JB,13:30,13,3,2023.0,early,14:42,-12.0,14,3,30,42,0.0,0
2143,9E,2023-04-20,5340,N602LR,22:50,22,3,2023,latter,JFK,0:12,10,0,3,50,12,2,B6,16,N324JB,22:45,22,3,2023.0,early,0:04,37.0,0,3,45,04,2.0,0
2151,9E,2023-04-21,5224,N913XJ,13:59,13,4,2023,latter,JFK,15:20,-23,15,4,59,20,0,B6,116,N317JB,13:30,13,4,2023.0,early,14:42,-15.0,14,4,30,42,0.0,0
2152,9E,2023-04-21,5340,N901XJ,22:50,22,4,2023,latter,JFK,0:12,22,0,4,50,12,2,B6,16,N238JB,22:45,22,4,2023.0,early,0:04,36.0,0,4,45,04,2.0,0
2160,9E,2023-04-22,5224,N297PQ,13:59,13,5,2023,latter,JFK,15:20,-14,15,5,59,20,0,B6,116,N328JB,13:26,13,5,2023.0,early,14:38,-14.0,14,5,26,38,0.0,0
2161,9E,2023-04-22,5340,N147PQ,22:50,22,5,2023,latter,JFK,0:12,0,0,5,50,12,1,B6,16,N329JB,22:45,22,5,2023.0,early,0:04,0.0,0,5,45,04,1.0,0
2169,9E,2023-04-23,5224,N299PQ,13:59,13,6,2023,latter,JFK,15:20,-6,15,6,59,20,0,B6,116,N187JB,13:30,13,6,2023.0,early,14:42,6.0,14,6,30,42,2.0,0
2170,9E,2023-04-23,5340,N325PQ,22:50,22,6,2023,latter,JFK,0:12,8,0,6,50,12,2,B6,16,N236JB,22:45,22,6,2023.0,early,0:04,2.0,0,6,45,04,1.0,0
2178,9E,2023-04-24,5224,N905XJ,13:59,13,0,2023,latter,JFK,15:20,-2,15,0,59,20,1,B6,116,N228JB,13:30,13,0,2023.0,early,14:42,-2.0,14,0,30,42,1.0,0
2179,9E,2023-04-24,5340,N272PQ,22:50,22,0,2023,latter,JFK,0:12,24,0,0,50,12,2,B6,16,N258JB,22:45,22,0,2023.0,early,0:04,-13.0,0,0,45,04,0.0,0
2187,9E,2023-04-25,5224,N228PQ,13:59,13,1,2023,latter,JFK,15:20,-12,15,1,59,20,0,B6,116,N249JB,13:30,13,1,2023.0,early,14:42,3.0,14,1,30,42,1.0,0
2188,9E,2023-04-25,5340,N272PQ,22:50,22,1,2023,latter,JFK,0:12,13,0,1,50,12,2,B6,16,N355JB,22:45,22,1,2023.0,early,0:04,4.0,0,1,45,04,1.0,0
2196,9E,2023-04-26,5224,N183GJ,13:59,13,2,2023,latter,JFK,15:20,-5,15,2,59,20,1,B6,116,N339JB,13:30,13,2,2023.0,early,14:42,-2.0,14,2,30,42,1.0,0
2197,9E,2023-04-26,5340,N582CA,22:50,22,2,2023,latter,JFK,0:12,-9,0,2,50,12,0,B6,16,N375JB,22:45,22,2,2023.0,early,0:04,-15.0,0,2,45,04,0.0,0
2205,9E,2023-04-27,5224,N678CA,13:59,13,3,2023,latter,JFK,15:20,-19,15,3,59,20,0,B6,116,N307JB,13:30,13,3,2023.0,early,14:42,-9.0,14,3,30,42,0.0,0
2206,9E,2023-04-27,5340,N691CA,22:50,22,3,2023,latter,JFK,0:12,-13,0,3,50,12,0,B6,16,N216JB,22:45,22,3,2023.0,early,0:04,-17.0,0,3,45,04,0.0,0
2214,9E,2023-04-28,5224,N691CA,13:59,13,4,2023,latter,JFK,15:20,-9,15,4,59,20,0,B6,116,N279JB,13:30,13,4,2023.0,early,14:42,-6.0,14,4,30,42,0.0,0
2215,9E,2023-04-28,5340,N302PQ,22:50,22,4,2023,latter,JFK,0:12,4,0,4,50,12,1,B6,16,N307JB,22:45,22,4,2023.0,early,0:04,33.0,0,4,45,04,2.0,0
2223,9E,2023-04-29,5224,N186PQ,13:59,13,5,2023,latter,JFK,15:20,-15,15,5,59,20,0,B6,116,N267JB,13:26,13,5,2023.0,early,14:38,258.0,14,5,26,38,2.0,0
2224,9E,2023-04-29,5340,N932XJ,22:50,22,5,2023,latter,JFK,0:12,0,0,5,50,12,1,B6,16,N184JB,22:45,22,5,2023.0,early,0:04,0.0,0,5,45,04,1.0,0
2232,9E,2023-04-30,5224,N335PQ,13:59,13,6,2023,latter,JFK,15:20,-12,15,6,59,20,0,B6,116,N238JB,13:30,13,6,2023.0,early,14:42,-5.0,14,6,30,42,1.0,0
2233,9E,2023-04-30,5340,N336PQ,22:50,22,6,2023,latter,JFK,0:12,75,0,6,50,12,2,B6,16,N358JB,22:45,22,6,2023.0,early,0:04,35.0,0,6,45,04,2.0,0
2241,9E,2023-05-01,5224,N932XJ,13:59,13,0,2023,latter,JFK,15:20,22,15,0,59,20,2,B6,116,N284JB,13:30,13,0,2023.0,early,14:42,40.0,14,0,30,42,2.0,0
2242,9E,2023-05-01,5340,N302PQ,22:50,22,0,2023,latter,JFK,0:12,-14,0,0,50,12,0,B6,16,N329JB,22:45,22,0,2023.0,early,0:04,23.0,0,0,45,04,2.0,0
2250,9E,2023-05-02,5224,N600LR,13:59,13,1,2023,latter,JFK,15:20,2,15,1,59,20,1,B6,116,N274JB,13:30,13,1,2023.0,early,14:42,-23.0,14,1,30,42,0.0,0
2251,9E,2023-05-02,5340,N907XJ,22:50,22,1,2023,latter,JFK,0:12,-19,0,1,50,12,0,B6,16,N179JB,22:45,22,1,2023.0,early,0:04,18.0,0,1,45,04,2.0,0
2259,9E,2023-05-03,5224,N146PQ,13:59,13,2,2023,latter,JFK,15:20,-13,15,2,59,20,0,B6,116,N281JB,13:30,13,2,2023.0,early,14:42,27.0,14,2,30,42,2.0,0
2260,9E,2023-05-03,5340,N929XJ,22:50,22,2,2023,latter,JFK,0:12,-5,0,2,50,12,1,B6,16,N354JB,22:45,22,2,2023.0,early,0:04,33.0,0,2,45,04,2.0,0
2268,9E,2023-05-04,5224,N925XJ,13:59,13,3,2023,latter,JFK,15:20,-6,15,3,59,20,0,B6,116,N187JB,13:30,13,3,2023.0,early,14:42,-12.0,14,3,30,42,0.0,0
2269,9E,2023-05-04,5340,N302PQ,22:50,22,3,2023,latter,JFK,0:12,-16,0,3,50,12,0,B6,16,N203JB,22:45,22,3,2023.0,early,0:04,7.0,0,3,45,04,2.0,0
2276,9E,2023-05-05,5224,N316PQ,13:59,13,4,2023,latter,JFK,15:20,36,15,4,59,20,2,B6,116,N358JB,13:30,13,4,2023.0,early,14:42,47.0,14,4,30,42,2.0,0
2285,9E,2023-05-06,5224,N147PQ,13:59,13,5,2023,latter,JFK,15:20,-1,15,5,59,20,1,B6,116,N249JB,13:30,13,5,2023.0,early,14:42,13.0,14,5,30,42,2.0,0
2294,9E,2023-05-07,5224,N297PQ,13:59,13,6,2023,latter,JFK,15:20,-8,15,6,59,20,0,B6,116,N203JB,13:30,13,6,2023.0,early,14:42,13.0,14,6,30,42,2.0,0
2525,9E,2023-06-05,5118,N292PQ,13:59,13,0,2023,latter,JFK,15:23,-7,15,0,59,23,0,B6,116,N317JB,13:30,13,0,2023.0,early,14:42,0.0,14,0,30,42,1.0,0
2984,9E,2023-09-16,4988,N341PQ,22:33,22,5,2023,latter,JFK,23:59,-13,23,5,33,59,0,B6,2516,N203JB,22:00,22,5,2023.0,early,23:20,-9.0,23,5,00,20,0.0,0
3068,9E,2023-09-23,4988,N305PQ,22:33,22,5,2023,latter,JFK,23:59,99,23,5,33,59,2,B6,2516,N258JB,22:00,22,5,2023.0,early,23:20,50.0,23,5,00,20,2.0,0
3152,9E,2023-09-30,4988,N307PQ,22:33,22,5,2023,latter,JFK,23:59,-7,23,5,33,59,0,B6,2516,N238JB,22:00,22,5,2023.0,early,23:20,67.0,23,5,00,20,2.0,0
3253,9E,2023-10-07,4988,N348PQ,22:33,22,5,2023,latter,JFK,23:59,0,23,5,33,59,1,B6,2516,N236JB,22:00,22,5,2023.0,early,23:20,9.0,23,5,00,20,2.0,0
3344,9E,2023-10-14,4988,N678CA,22:41,22,5,2023,latter,JFK,0:13,-18,0,5,41,13,0,B6,2516,N236JB,22:00,22,5,2023.0,early,23:20,-16.0,23,5,00,20,0.0,0
3435,9E,2023-10-21,4988,N925XJ,22:41,22,5,2023,latter,JFK,0:13,-10,0,5,41,13,0,B6,2516,N304JB,22:00,22,5,2023.0,early,23:20,62.0,23,5,00,20,2.0,0
3526,9E,2023-10-28,4901,N691CA,22:41,22,5,2023,latter,JFK,0:13,-1,0,5,41,13,1,B6,2516,N307JB,22:00,22,5,2023.0,early,23:20,4.0,23,5,00,20,1.0,0
3548,9E,2022-10-30,5090,N329PQ,22:30,22,6,2022,latter,JFK,23:53,-6,23,6,30,53,0,B6,2516,N329JB,22:29,22,6,2022.0,early,23:40,40.0,23,6,29,40,2.0,0
3563,9E,2022-10-31,5090,N311PQ,22:30,22,0,2022,latter,JFK,23:53,-29,23,0,30,53,0,B6,2516,N239JB,22:29,22,0,2022.0,early,23:40,-1.0,23,0,29,40,1.0,0
3581,9E,2022-11-01,5090,N929XJ,22:30,22,1,2022,latter,JFK,23:53,16,23,1,30,53,2,B6,2516,N307JB,22:29,22,1,2022.0,early,23:40,9.0,23,1,29,40,2.0,0
3596,9E,2022-11-02,5090,N325PQ,22:30,22,2,2022,latter,JFK,23:53,-10,23,2,30,53,0,B6,2516,N197JB,22:29,22,2,2022.0,early,23:40,-9.0,23,2,29,40,0.0,0
3611,9E,2022-11-03,5090,N341PQ,22:30,22,3,2022,latter,JFK,23:53,-30,23,3,30,53,0,B6,2516,N281JB,22:29,22,3,2022.0,early,23:40,-16.0,23,3,29,40,0.0,0
3626,9E,2022-11-04,5090,N341PQ,22:30,22,4,2022,latter,JFK,23:53,-22,23,4,30,53,0,B6,2516,N373JB,22:29,22,4,2022.0,early,23:40,9.0,23,4,29,40,2.0,0
3641,9E,2022-11-05,5090,N298PQ,22:30,22,5,2022,latter,JFK,23:53,13,23,5,30,53,2,B6,2516,N368JB,22:29,22,5,2022.0,early,23:40,49.0,23,5,29,40,2.0,0
3659,9E,2022-11-06,5090,N932XJ,22:30,22,6,2022,latter,JFK,23:53,15,23,6,30,53,2,B6,2516,N329JB,22:29,22,6,2022.0,early,23:40,25.0,23,6,29,40,2.0,0
3674,9E,2022-11-07,5090,N925XJ,22:30,22,0,2022,latter,JFK,23:53,-10,23,0,30,53,0,B6,2516,N373JB,22:29,22,0,2022.0,early,23:40,-9.0,23,0,29,40,0.0,0
3686,9E,2022-11-08,5090,N183GJ,22:30,22,1,2022,latter,JFK,23:53,-12,23,1,30,53,0,B6,2516,N203JB,22:29,22,1,2022.0,early,23:40,-14.0,23,1,29,40,0.0,0
3698,9E,2022-11-09,5090,N195PQ,22:30,22,2,2022,latter,JFK,23:45,-1,23,2,30,45,1,B6,2516,N373JB,22:29,22,2,2022.0,early,23:40,10.0,23,2,29,40,2.0,0
3713,9E,2022-11-10,5090,N181PQ,22:30,22,3,2022,latter,JFK,23:45,29,23,3,30,45,2,B6,2516,N247JB,22:29,22,3,2022.0,early,23:40,42.0,23,3,29,40,2.0,0
3728,9E,2022-11-11,5090,N184GJ,22:30,22,4,2022,latter,JFK,23:45,115,23,4,30,45,2,B6,2516,N192JB,22:29,22,4,2022.0,early,23:40,31.0,23,4,29,40,2.0,0
3743,9E,2022-11-12,5090,N913XJ,22:30,22,5,2022,latter,JFK,23:45,15,23,5,30,45,2,B6,2516,N317JB,22:29,22,5,2022.0,early,23:40,-5.0,23,5,29,40,1.0,0
3758,9E,2022-11-13,5090,N301PQ,22:30,22,6,2022,latter,JFK,23:45,15,23,6,30,45,2,B6,2516,N292JB,22:29,22,6,2022.0,early,23:40,15.0,23,6,29,40,2.0,0
3773,9E,2022-11-14,5090,N582CA,22:30,22,0,2022,latter,JFK,23:45,-18,23,0,30,45,0,B6,2516,N279JB,22:29,22,0,2022.0,early,23:40,-8.0,23,0,29,40,0.0,0
3788,9E,2022-11-15,5090,N299PQ,22:30,22,1,2022,latter,JFK,23:45,-2,23,1,30,45,1,B6,2516,N247JB,22:29,22,1,2022.0,early,23:40,7.0,23,1,29,40,2.0,0
3803,9E,2022-11-16,5090,N905XJ,22:30,22,2,2022,latter,JFK,23:45,1,23,2,30,45,1,B6,2516,N265JB,22:29,22,2,2022.0,early,23:40,-14.0,23,2,29,40,0.0,0
3818,9E,2022-11-17,5090,N326PQ,22:30,22,3,2022,latter,JFK,23:45,14,23,3,30,45,2,B6,2516,N239JB,22:29,22,3,2022.0,early,23:40,2.0,23,3,29,40,1.0,0
3833,9E,2022-11-18,5090,N299PQ,22:30,22,4,2022,latter,JFK,23:45,27,23,4,30,45,2,B6,2516,N236JB,22:29,22,4,2022.0,early,23:40,1.0,23,4,29,40,1.0,0
3848,9E,2022-11-19,5090,N349PQ,22:30,22,5,2022,latter,JFK,23:45,-7,23,5,30,45,0,B6,2516,N339JB,22:29,22,5,2022.0,early,23:40,70.0,23,5,29,40,2.0,0
3863,9E,2022-11-20,5090,N279PQ,22:30,22,6,2022,latter,JFK,23:45,20,23,6,30,45,2,B6,2516,N229JB,22:29,22,6,2022.0,early,23:40,16.0,23,6,29,40,2.0,0
3878,9E,2022-11-21,5090,N330PQ,22:30,22,0,2022,latter,JFK,23:45,39,23,0,30,45,2,B6,2516,N358JB,22:29,22,0,2022.0,early,23:40,51.0,23,0,29,40,2.0,0
3893,9E,2022-11-22,5090,N132EV,22:30,22,1,2022,latter,JFK,23:45,-12,23,1,30,45,0,B6,2516,N187JB,22:29,22,1,2022.0,early,23:40,49.0,23,1,29,40,2.0,0
3908,9E,2022-11-23,5090,N336PQ,22:30,22,2,2022,latter,JFK,23:45,-8,23,2,30,45,0,B6,2516,N339JB,22:29,22,2,2022.0,early,23:40,-10.0,23,2,29,40,0.0,0
3931,9E,2022-11-26,5090,N132EV,22:30,22,5,2022,latter,JFK,23:45,-4,23,5,30,45,1,B6,2516,N351JB,22:29,22,5,2022.0,early,23:40,5.0,23,5,29,40,1.0,0
3946,9E,2022-11-27,5090,N932XJ,22:30,22,6,2022,latter,JFK,23:45,149,23,6,30,45,2,B6,2516,N328JB,22:29,22,6,2022.0,early,23:40,186.0,23,6,29,40,2.0,0
3961,9E,2022-11-28,5090,N137EV,22:30,22,0,2022,latter,JFK,23:45,-2,23,0,30,45,1,B6,2516,N187JB,22:29,22,0,2022.0,early,23:40,21.0,23,0,29,40,2.0,0
3976,9E,2022-11-29,5090,N153PQ,22:35,22,1,2022,latter,JFK,23:59,2,23,1,35,59,1,B6,2516,N307JB,22:29,22,1,2022.0,early,23:40,-10.0,23,1,29,40,0.0,0
3991,9E,2022-11-30,5090,N181GJ,22:35,22,2,2022,latter,JFK,23:59,34,23,2,35,59,2,B6,2516,N184JB,22:29,22,2,2022.0,early,23:40,118.0,23,2,29,40,2.0,0
4006,9E,2022-12-01,5090,N901XJ,22:30,22,3,2022,latter,JFK,23:58,-16,23,3,30,58,0,B6,2516,N355JB,22:29,22,3,2022.0,early,23:40,4.0,23,3,29,40,1.0,0
4021,9E,2022-12-02,5090,N331PQ,22:30,22,4,2022,latter,JFK,23:58,-28,23,4,30,58,0,B6,2516,N274JB,22:29,22,4,2022.0,early,23:40,1.0,23,4,29,40,1.0,0
4036,9E,2022-12-03,5090,N299PQ,22:30,22,5,2022,latter,JFK,23:58,-20,23,5,30,58,0,B6,2516,N328JB,22:29,22,5,2022.0,early,23:40,0.0,23,5,29,40,1.0,0
4051,9E,2022-12-04,5090,N929XJ,22:30,22,6,2022,latter,JFK,23:58,-17,23,6,30,58,0,B6,2516,N348JB,22:29,22,6,2022.0,early,23:40,19.0,23,6,29,40,2.0,0
4066,9E,2022-12-05,5090,N176PQ,22:30,22,0,2022,latter,JFK,23:58,5,23,0,30,58,1,B6,2516,N274JB,22:29,22,0,2022.0,early,23:40,101.0,23,0,29,40,2.0,0
4081,9E,2022-12-06,5090,N181GJ,22:30,22,1,2022,latter,JFK,23:58,-6,23,1,30,58,0,B6,2516,N309JB,22:29,22,1,2022.0,early,23:40,6.0,23,1,29,40,2.0,0
4096,9E,2022-12-07,5090,N928XJ,22:30,22,2,2022,latter,JFK,23:58,-25,23,2,30,58,0,B6,2516,N329JB,22:29,22,2,2022.0,early,23:40,162.0,23,2,29,40,2.0,0
4103,9E,2023-12-07,4844,N924XJ,14:30,14,3,2023,latter,JFK,16:07,-5,16,3,30,07,1,B6,116,N283JB,14:00,14,3,2023.0,early,15:21,-18.0,15,3,00,21,0.0,0
4111,9E,2022-12-08,5090,N925XJ,22:30,22,3,2022,latter,JFK,23:58,23,23,3,30,58,2,B6,2516,N247JB,22:29,22,3,2022.0,early,23:40,-14.0,23,3,29,40,0.0,0
4118,9E,2023-12-08,4844,N538CA,14:30,14,4,2023,latter,JFK,16:07,-34,16,4,30,07,0,B6,116,N283JB,14:00,14,4,2023.0,early,15:21,-8.0,15,4,00,21,0.0,0
4126,9E,2022-12-09,5090,N187GJ,22:30,22,4,2022,latter,JFK,23:58,-27,23,4,30,58,0,B6,2516,N355JB,22:29,22,4,2022.0,early,23:40,35.0,23,4,29,40,2.0,0
4133,9E,2023-12-09,4844,N306PQ,14:36,14,5,2023,latter,JFK,16:13,-37,16,5,36,13,0,B6,116,N368JB,14:00,14,5,2023.0,early,15:21,-17.0,15,5,00,21,0.0,0
4141,9E,2022-12-10,5090,N146PQ,22:30,22,5,2022,latter,JFK,23:58,4,23,5,30,58,1,B6,2516,N265JB,22:29,22,5,2022.0,early,23:40,36.0,23,5,29,40,2.0,0
4148,9E,2023-12-10,4844,N538CA,14:30,14,6,2023,latter,JFK,16:07,0,16,6,30,07,1,B6,116,N354JB,14:00,14,6,2023.0,early,15:21,-18.0,15,6,00,21,0.0,0
4156,9E,2022-12-11,5090,N921XJ,22:30,22,6,2022,latter,JFK,23:58,3,23,6,30,58,1,B6,2516,N203JB,22:29,22,6,2022.0,early,23:40,14.0,23,6,29,40,2.0,0
4163,9E,2023-12-11,4844,N605LR,14:30,14,0,2023,latter,JFK,16:07,-22,16,0,30,07,0,B6,116,N216JB,14:00,14,0,2023.0,early,15:21,-17.0,15,0,00,21,0.0,0
4171,9E,2022-12-12,5090,N176PQ,22:30,22,0,2022,latter,JFK,23:58,-19,23,0,30,58,0,B6,2516,N265JB,22:29,22,0,2022.0,early,23:40,46.0,23,0,29,40,2.0,0
4178,9E,2023-12-12,4844,N337PQ,14:30,14,1,2023,latter,JFK,16:07,-2,16,1,30,07,1,B6,116,N339JB,14:00,14,1,2023.0,early,15:21,-20.0,15,1,00,21,0.0,0
4186,9E,2022-12-13,5090,N184GJ,22:30,22,1,2022,latter,JFK,23:58,-6,23,1,30,58,0,B6,2516,N249JB,22:29,22,1,2022.0,early,23:40,-1.0,23,1,29,40,1.0,0
4193,9E,2023-12-13,4844,N341PQ,14:30,14,2,2023,latter,JFK,16:07,66,16,2,30,07,2,B6,116,N236JB,14:00,14,2,2023.0,early,15:21,2.0,15,2,00,21,1.0,0
4201,9E,2022-12-14,5090,N187GJ,22:30,22,2,2022,latter,JFK,23:58,-27,23,2,30,58,0,B6,2516,N373JB,22:29,22,2,2022.0,early,23:40,-2.0,23,2,29,40,1.0,0
4208,9E,2023-12-14,4844,N695CA,14:30,14,3,2023,latter,JFK,16:07,-26,16,3,30,07,0,B6,116,N329JB,14:00,14,3,2023.0,early,15:21,-28.0,15,3,00,21,0.0,0
4216,9E,2022-12-15,5090,N313PQ,22:30,22,3,2022,latter,JFK,23:58,45,23,3,30,58,2,B6,2516,N324JB,22:29,22,3,2022.0,early,23:40,147.0,23,3,29,40,2.0,0
4223,9E,2023-12-15,4844,N926XJ,14:30,14,4,2023,latter,JFK,16:07,-38,16,4,30,07,0,B6,116,N229JB,14:22,14,4,2023.0,early,15:39,-16.0,15,4,22,39,0.0,0
4228,9E,2023-12-15,4988,N925XJ,22:50,22,4,2023,latter,JFK,0:27,-34,0,4,50,27,0,B6,2516,N229JB,22:46,22,4,2023.0,early,0:06,-23.0,0,4,46,06,0.0,0
4231,9E,2022-12-16,5090,N302PQ,22:30,22,4,2022,latter,JFK,23:58,-25,23,4,30,58,0,B6,2516,N324JB,22:29,22,4,2022.0,early,23:40,97.0,23,4,29,40,2.0,0
4239,9E,2023-12-16,4988,N604LR,22:50,22,5,2023,latter,JFK,0:27,-32,0,5,50,27,0,B6,2516,N231JB,22:46,22,5,2023.0,early,0:06,1.0,0,5,46,06,1.0,0
4240,9E,2023-12-16,5175,N349PQ,14:30,14,5,2023,latter,JFK,16:07,-40,16,5,30,07,0,B6,116,N216JB,14:22,14,5,2023.0,early,15:40,25.0,15,5,22,40,2.0,0
4246,9E,2022-12-17,5090,N133EV,22:30,22,5,2022,latter,JFK,23:58,-4,23,5,30,58,1,B6,2516,N368JB,22:29,22,5,2022.0,early,23:40,45.0,23,5,29,40,2.0,0
4254,9E,2023-12-17,4988,N932XJ,22:50,22,6,2023,latter,JFK,0:27,723,0,6,50,27,2,B6,2516,N279JB,22:46,22,6,2023.0,early,0:06,-12.0,0,6,46,06,0.0,0
4255,9E,2023-12-17,5175,N337PQ,14:30,14,6,2023,latter,JFK,16:07,-14,16,6,30,07,0,B6,116,N279JB,14:22,14,6,2023.0,early,15:39,36.0,15,6,22,39,2.0,0
4261,9E,2022-12-18,5090,N935XJ,22:30,22,6,2022,latter,JFK,23:58,-13,23,6,30,58,0,B6,2516,N266JB,22:29,22,6,2022.0,early,23:40,40.0,23,6,29,40,2.0,0
4269,9E,2023-12-18,4988,N604LR,22:50,22,0,2023,latter,JFK,0:27,-42,0,0,50,27,0,B6,2516,N329JB,22:46,22,0,2023.0,early,0:06,88.0,0,0,46,06,2.0,0
4270,9E,2023-12-18,5175,N319PQ,14:30,14,0,2023,latter,JFK,16:07,46,16,0,30,07,2,B6,116,N329JB,14:22,14,0,2023.0,early,15:39,75.0,15,0,22,39,2.0,0
4276,9E,2022-12-19,5090,N907XJ,22:30,22,0,2022,latter,JFK,23:58,5,23,0,30,58,1,B6,2516,N279JB,22:29,22,0,2022.0,early,23:40,108.0,23,0,29,40,2.0,0
4284,9E,2023-12-19,4988,N330PQ,22:50,22,1,2023,latter,JFK,0:27,-34,0,1,50,27,0,B6,2516,N229JB,22:46,22,1,2023.0,early,0:06,74.0,0,1,46,06,2.0,0
4285,9E,2023-12-19,5175,N308PQ,14:30,14,1,2023,latter,JFK,16:07,-31,16,1,30,07,0,B6,116,N328JB,14:22,14,1,2023.0,early,15:39,64.0,15,1,22,39,2.0,0
4291,9E,2022-12-20,5090,N336PQ,22:30,22,1,2022,latter,JFK,23:58,-26,23,1,30,58,0,B6,2516,N192JB,22:29,22,1,2022.0,early,23:40,59.0,23,1,29,40,2.0,0
4299,9E,2023-12-20,4988,N300PQ,22:50,22,2,2023,latter,JFK,0:27,-37,0,2,50,27,0,B6,2516,N306JB,22:46,22,2,2023.0,early,0:06,42.0,0,2,46,06,2.0,0
4300,9E,2023-12-20,5175,N691CA,14:30,14,2,2023,latter,JFK,16:07,-29,16,2,30,07,0,B6,116,N206JB,14:22,14,2,2023.0,early,15:39,-8.0,15,2,22,39,0.0,0
4306,9E,2022-12-21,5090,N341PQ,22:30,22,2,2022,latter,JFK,23:58,-6,23,2,30,58,0,B6,2516,N375JB,22:29,22,2,2022.0,early,23:40,51.0,23,2,29,40,2.0,0
4314,9E,2023-12-21,4988,N304PQ,22:50,22,3,2023,latter,JFK,0:27,-33,0,3,50,27,0,B6,2516,N318JB,22:46,22,3,2023.0,early,0:06,12.0,0,3,46,06,2.0,0
4315,9E,2023-12-21,5175,N937XJ,14:30,14,3,2023,latter,JFK,16:07,-23,16,3,30,07,0,B6,116,N318JB,14:22,14,3,2023.0,early,15:39,-3.0,15,3,22,39,1.0,0
4321,9E,2022-12-22,5090,N228PQ,22:30,22,3,2022,latter,JFK,23:58,0,23,3,30,58,1,B6,2516,N328JB,22:29,22,3,2022.0,early,23:40,107.0,23,3,29,40,2.0,0
4329,9E,2023-12-22,4988,N930XJ,22:50,22,4,2023,latter,JFK,0:27,12,0,4,50,27,2,B6,2516,N239JB,22:46,22,4,2023.0,early,0:06,2.0,0,4,46,06,1.0,0
4330,9E,2023-12-22,5175,N676CA,14:30,14,4,2023,latter,JFK,16:07,-35,16,4,30,07,0,B6,116,N239JB,14:22,14,4,2023.0,early,15:39,8.0,15,4,22,39,2.0,0
4336,9E,2022-12-23,5090,N600LR,22:30,22,4,2022,latter,JFK,23:58,100,23,4,30,58,2,B6,2516,N273JB,22:29,22,4,2022.0,early,23:40,137.0,23,4,29,40,2.0,0
4344,9E,2023-12-23,4988,N928XJ,22:50,22,5,2023,latter,JFK,0:27,-24,0,5,50,27,0,B6,2516,N375JB,22:46,22,5,2023.0,early,0:06,-11.0,0,5,46,06,0.0,0
4345,9E,2023-12-23,5175,N349PQ,14:30,14,5,2023,latter,JFK,16:07,-29,16,5,30,07,0,B6,116,N354JB,14:22,14,5,2023.0,early,15:40,5.0,15,5,22,40,1.0,0
46,MQ,2023-02-03,3392,N281NN,19:40,19,4,2023,latter,ORD,22:24,0,22,4,40,24,1,UA,1998,N899UA,18:24,18,4,2023.0,early,21:17,34.0,21,4,24,17,2.0,1
51,MQ,2023-02-05,3392,N765ST,19:40,19,6,2023,latter,ORD,22:24,43,22,6,40,24,2,UA,1998,N877UA,18:24,18,6,2023.0,early,21:17,-13.0,21,6,24,17,0.0,1
54,MQ,2023-02-06,3392,N274NN,19:40,19,0,2023,latter,ORD,22:24,6,22,0,40,24,2,UA,1998,N875UA,18:24,18,0,2023.0,early,21:17,-9.0,21,0,24,17,0.0,1
59,MQ,2023-02-09,3392,N288NN,19:40,19,3,2023,latter,ORD,22:24,-15,22,3,40,24,0,UA,1998,N828UA,18:24,18,3,2023.0,early,21:17,6.0,21,3,24,17,2.0,1
63,MQ,2023-02-10,3392,N207AN,19:40,19,4,2023,latter,ORD,22:24,12,22,4,40,24,2,UA,1998,N896UA,18:19,18,4,2023.0,early,21:08,-7.0,21,4,19,08,0.0,1
71,MQ,2023-02-12,3392,N761RW,19:40,19,6,2023,latter,ORD,22:24,14,22,6,40,24,2,UA,1998,N429UA,18:19,18,6,2023.0,early,21:08,-21.0,21,6,19,08,0.0,1
75,MQ,2023-02-13,3392,N243NN,19:40,19,0,2023,latter,ORD,22:24,-3,22,0,40,24,1,UA,1998,N820UA,18:19,18,0,2023.0,early,21:08,7.0,21,0,19,08,2.0,1
78,MQ,2023-02-14,3518,N220NN,14:37,14,1,2023,latter,ORD,17:24,-6,17,1,37,24,0,UA,1693,N836UA,13:57,13,1,2023.0,early,16:43,31.0,16,1,57,43,2.0,1
80,MQ,2023-02-15,3518,N255NN,14:37,14,2,2023,latter,ORD,17:24,52,17,2,37,24,2,UA,1693,N806UA,13:57,13,2,2023.0,early,16:43,-6.0,16,2,57,43,0.0,1
83,MQ,2023-02-16,3392,N280NN,19:40,19,3,2023,latter,ORD,22:24,423,22,3,40,24,2,UA,1998,N834UA,18:19,18,3,2023.0,early,21:08,16.0,21,3,19,08,2.0,1
88,MQ,2023-02-17,3392,N288NN,19:40,19,4,2023,latter,ORD,22:24,64,22,4,40,24,2,UA,1998,N405UA,18:19,18,4,2023.0,early,21:08,5.0,21,4,19,08,1.0,1
96,MQ,2023-02-19,3392,N762DT,19:40,19,6,2023,latter,ORD,22:24,8,22,6,40,24,2,UA,1998,N873UA,18:19,18,6,2023.0,early,21:08,-15.0,21,6,19,08,0.0,1
100,MQ,2023-02-20,3392,N236NN,19:40,19,0,2023,latter,ORD,22:24,9,22,0,40,24,2,UA,1998,N815UA,18:19,18,0,2023.0,early,21:08,-16.0,21,0,19,08,0.0,1
104,MQ,2023-02-21,3518,N228NN,14:37,14,1,2023,latter,ORD,17:24,-19,17,1,37,24,0,UA,1693,N882UA,13:57,13,1,2023.0,early,16:43,-9.0,16,1,57,43,0.0,1
106,MQ,2023-02-22,3518,N231AN,14:37,14,2,2023,latter,ORD,17:24,-2,17,2,37,24,1,UA,1693,N823UA,13:57,13,2,2023.0,early,16:43,80.0,16,2,57,43,2.0,1
109,MQ,2023-02-23,3392,N766JM,19:40,19,3,2023,latter,ORD,22:24,8,22,3,40,24,2,UA,1998,N890UA,18:19,18,3,2023.0,early,21:08,-13.0,21,3,19,08,0.0,1
114,MQ,2023-02-24,3392,N300LK,19:40,19,4,2023,latter,ORD,22:24,62,22,4,40,24,2,UA,1998,N846UA,18:19,18,4,2023.0,early,21:08,13.0,21,4,19,08,2.0,1
122,MQ,2023-02-26,3392,N764JD,19:40,19,6,2023,latter,ORD,22:24,19,22,6,40,24,2,UA,1998,N829UA,18:19,18,6,2023.0,early,21:08,-5.0,21,6,19,08,1.0,1
127,MQ,2023-02-27,3392,N214NN,19:40,19,0,2023,latter,ORD,22:24,15,22,0,40,24,2,UA,1998,N418UA,18:19,18,0,2023.0,early,21:08,-9.0,21,0,19,08,0.0,1
131,MQ,2023-02-28,3518,N231AN,14:37,14,1,2023,latter,ORD,17:24,-16,17,1,37,24,0,UA,1693,N37263,13:57,13,1,2023.0,early,16:43,1.0,16,1,57,43,1.0,1
133,MQ,2023-03-03,3392,N227NN,19:40,19,4,2023,latter,ORD,22:33,23,22,4,40,33,2,UA,538,,18:29,18,4,2023.0,early,21:16,0.0,21,4,29,16,1.0,1
136,MQ,2023-03-10,3392,N223NN,19:40,19,4,2023,latter,ORD,22:33,35,22,4,40,33,2,UA,538,N16701,18:29,18,4,2023.0,early,21:16,38.0,21,4,29,16,2.0,1
139,MQ,2023-03-17,3392,N260NN,19:40,19,4,2023,latter,ORD,22:33,22,22,4,40,33,2,UA,538,N37470,18:29,18,4,2023.0,early,21:16,5.0,21,4,29,16,1.0,1
142,MQ,2023-03-24,3392,N210NN,19:40,19,4,2023,latter,ORD,22:33,-9,22,4,40,33,0,UA,538,N17719,18:29,18,4,2023.0,early,21:16,-10.0,21,4,29,16,0.0,1
145,MQ,2023-03-31,3392,N288NN,19:40,19,4,2023,latter,ORD,22:33,226,22,4,40,33,2,UA,538,N27239,18:40,18,4,2023.0,early,21:34,381.0,21,4,40,34,2.0,1
254,MQ,2023-06-01,3402,N264NN,19:42,19,3,2023,latter,ORD,22:32,57,22,3,42,32,2,UA,538,N67845,18:18,18,3,2023.0,early,21:09,-9.0,21,3,18,09,0.0,1
264,MQ,2023-06-05,3402,N275NN,19:39,19,0,2023,latter,ORD,22:28,-7,22,0,39,28,0,UA,538,N14231,18:16,18,0,2023.0,early,21:10,-18.0,21,0,16,10,0.0,1
266,MQ,2023-06-06,3402,N310JZ,19:39,19,1,2023,latter,ORD,22:28,-9,22,1,39,28,0,UA,538,N39297,18:16,18,1,2023.0,early,21:10,24.0,21,1,16,10,2.0,1
267,MQ,2023-06-07,3402,N290NN,19:39,19,2,2023,latter,ORD,22:28,0,22,2,39,28,1,UA,538,N77518,18:16,18,2,2023.0,early,21:10,0.0,21,2,16,10,1.0,1
268,MQ,2023-06-08,3402,N275NN,19:39,19,3,2023,latter,ORD,22:28,-3,22,3,39,28,1,UA,538,N75426,18:16,18,3,2023.0,early,21:10,10.0,21,3,16,10,2.0,1
276,MQ,2023-06-12,3402,N207AN,19:39,19,0,2023,latter,ORD,22:28,10,22,0,39,28,2,UA,538,N14219,18:16,18,0,2023.0,early,21:10,-16.0,21,0,16,10,0.0,1
278,MQ,2023-06-13,3402,N263NN,19:39,19,1,2023,latter,ORD,22:28,-7,22,1,39,28,0,UA,538,N69804,18:16,18,1,2023.0,early,21:10,46.0,21,1,16,10,2.0,1
279,MQ,2023-06-14,3402,N268NN,19:39,19,2,2023,latter,ORD,22:28,-5,22,2,39,28,1,UA,538,N14219,18:16,18,2,2023.0,early,21:10,23.0,21,2,16,10,2.0,1
280,MQ,2023-06-15,3402,N205NN,19:39,19,3,2023,latter,ORD,22:28,-2,22,3,39,28,1,UA,538,N26215,18:16,18,3,2023.0,early,21:10,-14.0,21,3,16,10,0.0,1
288,MQ,2023-06-19,3402,N251NN,19:39,19,0,2023,latter,ORD,22:28,-6,22,0,39,28,0,UA,538,N17244,18:16,18,0,2023.0,early,21:10,-18.0,21,0,16,10,0.0,1
290,MQ,2023-06-20,3402,N251NN,19:39,19,1,2023,latter,ORD,22:28,-3,22,1,39,28,1,UA,538,N17229,18:16,18,1,2023.0,early,21:10,33.0,21,1,16,10,2.0,1
291,MQ,2023-06-21,3402,N285NN,19:39,19,2,2023,latter,ORD,22:28,-21,22,2,39,28,0,UA,538,N36247,18:16,18,2,2023.0,early,21:10,13.0,21,2,16,10,2.0,1
292,MQ,2023-06-22,3402,N451YX,19:39,19,3,2023,latter,ORD,22:28,-4,22,3,39,28,1,UA,538,N77261,18:16,18,3,2023.0,early,21:10,10.0,21,3,16,10,2.0,1
300,MQ,2023-06-26,3402,N275NN,19:39,19,0,2023,latter,ORD,22:28,37,22,0,39,28,2,UA,210,N37420,18:20,18,0,2023.0,early,21:14,60.0,21,0,20,14,2.0,1
302,MQ,2023-06-27,3402,N270NN,19:39,19,1,2023,latter,ORD,22:28,71,22,1,39,28,2,UA,210,N64844,18:20,18,1,2023.0,early,21:14,206.0,21,1,20,14,2.0,1
303,MQ,2023-06-28,3402,N286NN,19:39,19,2,2023,latter,ORD,22:28,0,22,2,39,28,1,UA,210,N68453,18:20,18,2,2023.0,early,21:14,101.0,21,2,20,14,2.0,1
304,MQ,2023-06-29,3402,N271NN,19:39,19,3,2023,latter,ORD,22:28,63,22,3,39,28,2,UA,210,N39415,18:20,18,3,2023.0,early,21:14,164.0,21,3,20,14,2.0,1
425,MQ,2023-08-07,3402,N766JM,19:10,19,0,2023,latter,ORD,21:58,42,21,0,10,58,2,UA,210,N39463,18:20,18,0,2023.0,early,21:14,-5.0,21,0,20,14,1.0,1
431,MQ,2023-08-08,3402,N281NN,19:10,19,1,2023,latter,ORD,21:58,5,21,1,10,58,1,UA,210,N62849,18:20,18,1,2023.0,early,21:14,56.0,21,1,20,14,2.0,1
437,MQ,2023-08-09,3402,N213NN,19:10,19,2,2023,latter,ORD,21:58,8,21,2,10,58,2,UA,210,N64809,18:20,18,2,2023.0,early,21:14,-13.0,21,2,20,14,0.0,1
443,MQ,2023-08-10,3402,N764JD,19:10,19,3,2023,latter,ORD,21:58,41,21,3,10,58,2,UA,210,N37563,18:20,18,3,2023.0,early,21:14,28.0,21,3,20,14,2.0,1
465,MQ,2023-08-14,3402,N766JM,19:10,19,0,2023,latter,ORD,21:58,97,21,0,10,58,2,UA,210,,18:20,18,0,2023.0,early,21:14,0.0,21,0,20,14,1.0,1
482,MQ,2022-08-16,4203,N246NN,14:59,14,1,2022,latter,ORD,17:45,-2,17,1,59,45,1,UA,1559,N441UA,13:55,13,1,2022.0,early,16:50,-17.0,16,1,55,50,0.0,1
496,MQ,2022-08-17,4203,N274NN,14:59,14,2,2022,latter,ORD,17:45,-2,17,2,59,45,1,UA,1559,N803UA,13:55,13,2,2022.0,early,16:50,12.0,16,2,55,50,2.0,1
510,MQ,2022-08-18,4203,N274NN,14:59,14,3,2022,latter,ORD,17:45,4,17,3,59,45,1,UA,1559,N811UA,13:55,13,3,2022.0,early,16:50,-2.0,16,3,55,50,1.0,1
522,MQ,2022-08-19,4203,N239NN,14:59,14,4,2022,latter,ORD,17:45,6,17,4,59,45,2,UA,1559,N455UA,13:55,13,4,2022.0,early,16:50,-6.0,16,4,55,50,0.0,1
543,MQ,2022-08-21,4203,N278NN,14:59,14,6,2022,latter,ORD,17:45,87,17,6,59,45,2,UA,1559,N37506,13:55,13,6,2022.0,early,16:50,5.0,16,6,55,50,1.0,1
557,MQ,2022-08-22,4203,N230NN,14:59,14,0,2022,latter,ORD,17:45,7,17,0,59,45,2,UA,1559,N815UA,13:55,13,0,2022.0,early,16:50,-8.0,16,0,55,50,0.0,1
569,MQ,2022-08-23,4203,N255NN,14:59,14,1,2022,latter,ORD,17:45,11,17,1,59,45,2,UA,1559,N801UA,13:55,13,1,2022.0,early,16:50,-8.0,16,1,55,50,0.0,1
583,MQ,2022-08-24,4203,N249NN,14:59,14,2,2022,latter,ORD,17:45,-4,17,2,59,45,1,UA,1559,N423UA,13:55,13,2,2022.0,early,16:50,-12.0,16,2,55,50,0.0,1
597,MQ,2022-08-25,4203,N250NN,14:59,14,3,2022,latter,ORD,17:45,42,17,3,59,45,2,UA,1559,N421UA,13:55,13,3,2022.0,early,16:50,-20.0,16,3,55,50,0.0,1
609,MQ,2022-08-26,4203,N224NN,14:59,14,4,2022,latter,ORD,17:45,1,17,4,59,45,1,UA,1559,N427UA,13:55,13,4,2022.0,early,16:50,-19.0,16,4,55,50,0.0,1
630,MQ,2022-08-28,4203,N208AN,14:59,14,6,2022,latter,ORD,17:45,-13,17,6,59,45,0,UA,1559,N416UA,13:55,13,6,2022.0,early,16:50,-20.0,16,6,55,50,0.0,1
644,MQ,2022-08-29,4203,N260NN,14:59,14,0,2022,latter,ORD,17:45,0,17,0,59,45,1,UA,1559,N837UA,13:55,13,0,2022.0,early,16:50,0.0,16,0,55,50,1.0,1
656,MQ,2022-08-30,4203,N230NN,14:59,14,1,2022,latter,ORD,17:45,4,17,1,59,45,1,UA,1559,N811UA,13:55,13,1,2022.0,early,16:50,-9.0,16,1,55,50,0.0,1
670,MQ,2022-08-31,4203,N762DT,14:59,14,2,2022,latter,ORD,17:45,8,17,2,59,45,2,UA,1559,N893UA,13:55,13,2,2022.0,early,16:50,-15.0,16,2,55,50,0.0,1
684,MQ,2022-09-01,4203,N217NN,14:59,14,3,2022,latter,ORD,17:45,-6,17,3,59,45,0,UA,1559,N892UA,13:55,13,3,2022.0,early,16:50,12.0,16,3,55,50,2.0,1
696,MQ,2022-09-02,4203,N224NN,14:59,14,4,2022,latter,ORD,17:45,2,17,4,59,45,1,UA,1559,N894UA,13:55,13,4,2022.0,early,16:50,-25.0,16,4,55,50,0.0,1
712,MQ,2022-09-04,4203,N268NN,14:59,14,6,2022,latter,ORD,17:45,15,17,6,59,45,2,UA,1559,N462UA,13:55,13,6,2022.0,early,16:50,-8.0,16,6,55,50,0.0,1
726,MQ,2022-09-05,4203,N260NN,14:59,14,0,2022,latter,ORD,17:45,1,17,0,59,45,1,UA,1559,N898UA,13:55,13,0,2022.0,early,16:50,-21.0,16,0,55,50,0.0,1
851,MQ,2023-09-22,3324,N768RD,19:00,19,4,2023,latter,ORD,21:56,-14,21,4,00,56,0,UA,538,N27252,18:09,18,4,2023.0,early,20:57,9.0,20,4,09,57,2.0,1
1109,MQ,2023-11-10,3324,N774JG,19:59,19,4,2023,latter,ORD,22:49,-19,22,4,59,49,0,UA,538,N889UA,18:10,18,4,2023.0,early,21:01,-10.0,21,4,10,01,0.0,1
1191,MQ,2023-12-05,3324,N637RW,19:17,19,1,2023,latter,ORD,22:04,47,22,1,17,04,2,UA,538,N825UA,18:10,18,1,2023.0,early,21:01,-2.0,21,1,10,01,1.0,1
1196,MQ,2023-12-06,3324,N764JD,19:34,19,2,2023,latter,ORD,22:21,10,22,2,34,21,2,UA,355,N883UA,18:10,18,2,2023.0,early,21:01,45.0,21,2,10,01,2.0,1
1210,MQ,2023-12-09,3324,N764JD,19:17,19,5,2023,latter,ORD,22:04,-12,22,5,17,04,0,UA,538,N883UA,18:10,18,5,2023.0,early,21:01,-14.0,21,5,10,01,0.0,1
1219,MQ,2023-12-11,3324,N771JV,19:17,19,0,2023,latter,ORD,22:04,-7,22,0,17,04,0,UA,538,N445UA,18:10,18,0,2023.0,early,21:01,-14.0,21,0,10,01,0.0,1
1224,MQ,2023-12-12,3324,N215NN,19:17,19,1,2023,latter,ORD,22:04,-4,22,1,17,04,1,UA,538,N801UA,18:10,18,1,2023.0,early,21:01,-19.0,21,1,10,01,0.0,1
1229,MQ,2023-12-13,3324,N774JG,19:17,19,2,2023,latter,ORD,22:04,11,22,2,17,04,2,UA,538,N801UA,18:10,18,2,2023.0,early,21:01,-5.0,21,2,10,01,1.0,1
1256,MQ,2023-12-20,3324,N643RW,19:30,19,2,2023,latter,ORD,22:16,5,22,2,30,16,1,UA,1983,N837UA,18:15,18,2,2023.0,early,21:09,0.0,21,2,15,09,1.0,1
1279,MQ,2023-12-26,3324,N874RW,19:30,19,1,2023,latter,ORD,22:16,0,22,1,30,16,1,UA,1983,N837UA,18:15,18,1,2023.0,early,21:09,-10.0,21,1,15,09,0.0,1
1284,MQ,2023-12-27,3324,N763CC,19:30,19,2,2023,latter,ORD,22:16,2,22,2,30,16,1,UA,1983,N850UA,18:15,18,2,2023.0,early,21:09,18.0,21,2,15,09,2.0,1
1289,MQ,2023-12-28,3324,N760MQ,19:45,19,3,2023,latter,ORD,22:34,7,22,3,45,34,2,UA,1983,N879UA,18:15,18,3,2023.0,early,21:09,-3.0,21,3,15,09,1.0,1
1294,MQ,2023-12-29,3324,N771JV,19:45,19,4,2023,latter,ORD,22:34,2,22,4,45,34,1,UA,1983,N897UA,18:15,18,4,2023.0,early,21:09,-1.0,21,4,15,09,1.0,1
1332,9E,2023-01-08,5090,N300PQ,22:30,22,6,2023,latter,JFK,23:58,-33,23,6,30,58,0,B6,2516,N329JB,21:55,21,6,2023.0,early,23:07,3.0,23,6,55,07,1.0,1
1340,9E,2023-01-09,5009,N131EV,22:30,22,0,2023,latter,JFK,23:54,-18,23,0,30,54,0,B6,2516,N190JB,21:55,21,0,2023.0,early,23:07,-11.0,23,0,55,07,0.0,1
1348,9E,2023-01-10,5009,N606LR,22:30,22,1,2023,latter,JFK,23:54,3,23,1,30,54,1,B6,2516,N192JB,21:55,21,1,2023.0,early,23:07,-7.0,23,1,55,07,0.0,1
1356,9E,2023-01-11,5009,N197PQ,22:30,22,2,2023,latter,JFK,23:54,45,23,2,30,54,2,B6,2516,N337JB,21:55,21,2,2023.0,early,23:07,-8.0,23,2,55,07,0.0,1
1364,9E,2023-01-12,5009,N923XJ,22:30,22,3,2023,latter,JFK,23:54,70,23,3,30,54,2,B6,2516,N334JB,21:55,21,3,2023.0,early,23:07,84.0,23,3,55,07,2.0,1
1372,9E,2023-01-13,5009,N349PQ,22:30,22,4,2023,latter,JFK,23:54,35,23,4,30,54,2,B6,2516,N358JB,21:55,21,4,2023.0,early,23:07,6.0,23,4,55,07,2.0,1
1380,9E,2023-01-14,5009,N301PQ,22:30,22,5,2023,latter,JFK,23:54,128,23,5,30,54,2,B6,2516,N323JB,21:55,21,5,2023.0,early,23:07,69.0,23,5,55,07,2.0,1
1388,9E,2023-01-15,5009,N348PQ,22:30,22,6,2023,latter,JFK,23:54,160,23,6,30,54,2,B6,2516,N249JB,21:55,21,6,2023.0,early,23:07,-6.0,23,6,55,07,0.0,1
1396,9E,2023-01-16,5009,N304PQ,22:30,22,0,2023,latter,JFK,23:54,-4,23,0,30,54,1,B6,2516,N228JB,21:55,21,0,2023.0,early,23:07,21.0,23,0,55,07,2.0,1
1404,9E,2023-01-17,5009,N200PQ,22:30,22,1,2023,latter,JFK,23:54,-18,23,1,30,54,0,B6,2516,N266JB,21:55,21,1,2023.0,early,23:07,-14.0,23,1,55,07,0.0,1
1412,9E,2023-01-18,5009,N294PQ,22:30,22,2,2023,latter,JFK,23:54,37,23,2,30,54,2,B6,2516,N304JB,21:55,21,2,2023.0,early,23:07,-11.0,23,2,55,07,0.0,1
1420,9E,2023-01-19,5009,N930XJ,22:30,22,3,2023,latter,JFK,23:54,66,23,3,30,54,2,B6,2516,N247JB,21:55,21,3,2023.0,early,23:07,74.0,23,3,55,07,2.0,1
1428,9E,2023-01-20,5009,N337PQ,22:30,22,4,2023,latter,JFK,23:54,-21,23,4,30,54,0,B6,2516,N283JB,21:55,21,4,2023.0,early,23:07,0.0,23,4,55,07,1.0,1
1436,9E,2023-01-21,5009,N319PQ,22:30,22,5,2023,latter,JFK,23:54,13,23,5,30,54,2,B6,2516,N267JB,21:55,21,5,2023.0,early,23:07,-18.0,23,5,55,07,0.0,1
1444,9E,2023-01-22,5009,N336PQ,22:30,22,6,2023,latter,JFK,23:54,590,23,6,30,54,2,B6,2516,N206JB,21:55,21,6,2023.0,early,23:07,64.0,23,6,55,07,2.0,1
1452,9E,2023-01-23,5009,N319PQ,22:30,22,0,2023,latter,JFK,23:54,30,23,0,30,54,2,B6,2516,N339JB,21:55,21,0,2023.0,early,23:07,4.0,23,0,55,07,1.0,1
1460,9E,2023-01-24,5009,N937XJ,22:30,22,1,2023,latter,JFK,23:54,18,23,1,30,54,2,B6,2516,N192JB,21:55,21,1,2023.0,early,23:07,14.0,23,1,55,07,2.0,1
1468,9E,2023-01-25,5009,N341PQ,22:30,22,2,2023,latter,JFK,23:54,0,23,2,30,54,1,B6,2516,N206JB,21:55,21,2,2023.0,early,23:07,137.0,23,2,55,07,2.0,1
1476,9E,2023-01-26,5009,N131EV,22:30,22,3,2023,latter,JFK,23:54,39,23,3,30,54,2,B6,2516,N306JB,21:55,21,3,2023.0,early,23:07,-13.0,23,3,55,07,0.0,1
1484,9E,2023-01-27,5009,N279PQ,22:30,22,4,2023,latter,JFK,23:54,-4,23,4,30,54,1,B6,2516,N193JB,21:55,21,4,2023.0,early,23:07,4.0,23,4,55,07,1.0,1
1492,9E,2023-01-28,5009,N604LR,22:30,22,5,2023,latter,JFK,23:54,-27,23,5,30,54,0,B6,2516,N328JB,21:55,21,5,2023.0,early,23:07,11.0,23,5,55,07,2.0,1
1500,9E,2023-01-29,5009,N336PQ,22:30,22,6,2023,latter,JFK,23:54,-14,23,6,30,54,0,B6,2516,N307JB,21:55,21,6,2023.0,early,23:07,7.0,23,6,55,07,2.0,1
1508,9E,2023-01-30,5009,N929XJ,22:30,22,0,2023,latter,JFK,23:54,-10,23,0,30,54,0,B6,2516,N334JB,21:55,21,0,2023.0,early,23:07,51.0,23,0,55,07,2.0,1
1516,9E,2023-01-31,5009,N136EV,22:30,22,1,2023,latter,JFK,23:54,11,23,1,30,54,2,B6,2516,N231JB,21:55,21,1,2023.0,early,23:07,4.0,23,1,55,07,1.0,1
1524,9E,2023-02-01,5009,N183GJ,22:30,22,2,2023,latter,JFK,23:54,-12,23,2,30,54,0,B6,2516,N318JB,21:55,21,2,2023.0,early,23:07,-10.0,23,2,55,07,0.0,1
1532,9E,2023-02-02,5009,N299PQ,22:30,22,3,2023,latter,JFK,23:54,7,23,3,30,54,2,B6,2516,N258JB,21:55,21,3,2023.0,early,23:07,-8.0,23,3,55,07,0.0,1
1540,9E,2023-02-03,5009,N335PQ,22:30,22,4,2023,latter,JFK,23:54,0,23,4,30,54,1,B6,2516,N354JB,21:55,21,4,2023.0,early,23:07,0.0,23,4,55,07,1.0,1
1548,9E,2023-02-04,5009,N308PQ,22:30,22,5,2023,latter,JFK,23:54,-9,23,5,30,54,0,B6,2516,N328JB,21:55,21,5,2023.0,early,23:07,32.0,23,5,55,07,2.0,1
1556,9E,2023-02-05,5009,N132EV,22:30,22,6,2023,latter,JFK,23:54,-2,23,6,30,54,1,B6,2516,N265JB,21:55,21,6,2023.0,early,23:07,-4.0,23,6,55,07,1.0,1
1643,9E,2023-02-16,5009,N325PQ,22:30,22,3,2023,latter,JFK,23:57,-20,23,3,30,57,0,B6,16,N206JB,21:35,21,3,2023.0,early,22:47,32.0,22,3,35,47,2.0,1
1650,9E,2023-02-17,5009,N137EV,22:30,22,4,2023,latter,JFK,23:57,8,23,4,30,57,2,B6,16,N184JB,21:35,21,4,2023.0,early,22:47,70.0,22,4,35,47,2.0,1
1657,9E,2023-02-18,5009,N138EV,22:30,22,5,2023,latter,JFK,23:57,-6,23,5,30,57,0,B6,16,N355JB,21:35,21,5,2023.0,early,22:47,-6.0,22,5,35,47,0.0,1
1664,9E,2023-02-19,5009,N602LR,22:30,22,6,2023,latter,JFK,23:57,-4,23,6,30,57,1,B6,16,N187JB,21:35,21,6,2023.0,early,22:47,61.0,22,6,35,47,2.0,1
1671,9E,2023-02-20,5009,N602LR,22:30,22,0,2023,latter,JFK,23:57,-5,23,0,30,57,1,B6,16,N329JB,21:35,21,0,2023.0,early,22:47,5.0,22,0,35,47,1.0,1
1678,9E,2023-02-21,5009,N349PQ,22:30,22,1,2023,latter,JFK,23:57,-23,23,1,30,57,0,B6,16,N279JB,21:35,21,1,2023.0,early,22:47,1.0,22,1,35,47,1.0,1
1685,9E,2023-02-22,5009,N921XJ,22:30,22,2,2023,latter,JFK,23:57,0,23,2,30,57,1,B6,16,N355JB,21:35,21,2,2023.0,early,22:47,0.0,22,2,35,47,1.0,1
1692,9E,2023-02-23,5009,N930XJ,22:30,22,3,2023,latter,JFK,23:57,13,23,3,30,57,2,B6,16,N193JB,21:35,21,3,2023.0,early,22:47,-2.0,22,3,35,47,1.0,1
1699,9E,2023-02-24,5009,N315PQ,22:30,22,4,2023,latter,JFK,23:57,0,23,4,30,57,1,B6,16,N239JB,21:35,21,4,2023.0,early,22:47,56.0,22,4,35,47,2.0,1
1706,9E,2023-02-25,5009,N908XJ,22:30,22,5,2023,latter,JFK,23:57,-2,23,5,30,57,1,B6,16,N337JB,21:35,21,5,2023.0,early,22:47,16.0,22,5,35,47,2.0,1
1713,9E,2023-02-26,5009,N337PQ,22:30,22,6,2023,latter,JFK,23:57,-3,23,6,30,57,1,B6,16,N183JB,21:35,21,6,2023.0,early,22:47,-4.0,22,6,35,47,1.0,1
1720,9E,2023-02-27,5009,N910XJ,22:30,22,0,2023,latter,JFK,23:57,0,23,0,30,57,1,B6,16,N236JB,21:35,21,0,2023.0,early,22:47,113.0,22,0,35,47,2.0,1
1727,9E,2023-02-28,5009,N147PQ,22:30,22,1,2023,latter,JFK,23:57,-8,23,1,30,57,0,B6,16,N206JB,21:35,21,1,2023.0,early,22:47,207.0,22,1,35,47,2.0,1
1734,9E,2023-03-01,5009,N319PQ,22:30,22,2,2023,latter,JFK,23:57,-21,23,2,30,57,0,B6,16,N304JB,21:35,21,2,2023.0,early,22:47,-7.0,22,2,35,47,0.0,1
1741,9E,2023-03-02,5009,N307PQ,22:30,22,3,2023,latter,JFK,23:57,14,23,3,30,57,2,B6,16,N324JB,21:35,21,3,2023.0,early,22:47,46.0,22,3,35,47,2.0,1
1748,9E,2023-03-03,5009,N187GJ,22:30,22,4,2023,latter,JFK,23:57,466,23,4,30,57,2,B6,16,N206JB,21:35,21,4,2023.0,early,22:47,0.0,22,4,35,47,1.0,1
1755,9E,2023-03-04,5009,N930XJ,22:30,22,5,2023,latter,JFK,23:57,-8,23,5,30,57,0,B6,16,N273JB,21:35,21,5,2023.0,early,22:47,150.0,22,5,35,47,2.0,1
1762,9E,2023-03-05,5009,N927XJ,22:30,22,6,2023,latter,JFK,23:57,0,23,6,30,57,1,B6,16,N283JB,21:35,21,6,2023.0,early,22:47,6.0,22,6,35,47,2.0,1
1769,9E,2023-03-06,5009,N928XJ,22:30,22,0,2023,latter,JFK,23:57,-25,23,0,30,57,0,B6,16,N334JB,21:35,21,0,2023.0,early,22:47,40.0,22,0,35,47,2.0,1
1777,9E,2023-03-07,5009,N695CA,22:30,22,1,2023,latter,JFK,23:57,0,23,1,30,57,1,B6,16,N193JB,21:20,21,1,2023.0,early,22:38,127.0,22,1,20,38,2.0,1
1785,9E,2023-03-08,5009,N326PQ,22:30,22,2,2023,latter,JFK,23:57,6,23,2,30,57,2,B6,16,N274JB,21:20,21,2,2023.0,early,22:38,5.0,22,2,20,38,1.0,1
1795,9E,2023-03-09,5340,N936XJ,22:32,22,3,2023,latter,JFK,23:59,-11,23,3,32,59,0,B6,16,N197JB,21:20,21,3,2023.0,early,22:38,4.0,22,3,20,38,1.0,1
1803,9E,2023-03-10,5340,N927XJ,22:32,22,4,2023,latter,JFK,23:59,3,23,4,32,59,1,B6,16,N283JB,21:20,21,4,2023.0,early,22:38,10.0,22,4,20,38,2.0,1
1811,9E,2023-03-11,5340,N606LR,22:32,22,5,2023,latter,JFK,23:59,5,23,5,32,59,1,B6,16,N265JB,21:20,21,5,2023.0,early,22:38,72.0,22,5,20,38,2.0,1
1819,9E,2023-03-12,5340,N330PQ,22:32,22,6,2023,latter,JFK,23:59,-25,23,6,32,59,0,B6,16,N192JB,21:00,21,6,2023.0,early,22:20,8.0,22,6,00,20,2.0,1
1828,9E,2023-03-13,5340,N607LR,22:32,22,0,2023,latter,JFK,23:59,24,23,0,32,59,2,B6,16,N228JB,21:20,21,0,2023.0,early,22:38,0.0,22,0,20,38,1.0,1
1836,9E,2023-03-14,5340,N147PQ,22:32,22,1,2023,latter,JFK,23:59,0,23,1,32,59,1,B6,16,N337JB,21:20,21,1,2023.0,early,22:38,38.0,22,1,20,38,2.0,1
1844,9E,2023-03-15,5340,N182GJ,22:32,22,2,2023,latter,JFK,23:59,-8,23,2,32,59,0,B6,16,N267JB,21:20,21,2,2023.0,early,22:38,77.0,22,2,20,38,2.0,1
1852,9E,2023-03-16,5340,N928XJ,22:32,22,3,2023,latter,JFK,23:59,-15,23,3,32,59,0,B6,16,N348JB,21:20,21,3,2023.0,early,22:38,-8.0,22,3,20,38,0.0,1
1860,9E,2023-03-17,5340,N329PQ,22:32,22,4,2023,latter,JFK,23:59,5,23,4,32,59,1,B6,16,N368JB,21:20,21,4,2023.0,early,22:38,-2.0,22,4,20,38,1.0,1
1868,9E,2023-03-18,5340,N903XJ,22:32,22,5,2023,latter,JFK,23:59,-6,23,5,32,59,0,B6,16,N239JB,21:20,21,5,2023.0,early,22:38,8.0,22,5,20,38,2.0,1
1876,9E,2023-03-19,5340,N309PQ,22:32,22,6,2023,latter,JFK,23:59,-19,23,6,32,59,0,B6,16,N284JB,21:20,21,6,2023.0,early,22:38,-1.0,22,6,20,38,1.0,1
1885,9E,2023-03-20,5340,N132EV,22:32,22,0,2023,latter,JFK,23:59,-21,23,0,32,59,0,B6,16,N197JB,21:20,21,0,2023.0,early,22:38,-4.0,22,0,20,38,1.0,1
1893,9E,2023-03-21,5340,N176PQ,22:32,22,1,2023,latter,JFK,23:59,-11,23,1,32,59,0,B6,16,N265JB,21:20,21,1,2023.0,early,22:38,-9.0,22,1,20,38,0.0,1
1901,9E,2023-03-22,5340,N326PQ,22:32,22,2,2023,latter,JFK,23:59,13,23,2,32,59,2,B6,16,N307JB,21:20,21,2,2023.0,early,22:38,17.0,22,2,20,38,2.0,1
1909,9E,2023-03-23,5340,N349PQ,22:32,22,3,2023,latter,JFK,23:59,32,23,3,32,59,2,B6,16,N266JB,21:20,21,3,2023.0,early,22:38,45.0,22,3,20,38,2.0,1
1917,9E,2023-03-24,5340,N308PQ,22:32,22,4,2023,latter,JFK,23:59,-22,23,4,32,59,0,B6,16,N279JB,21:20,21,4,2023.0,early,22:38,-6.0,22,4,20,38,0.0,1
1925,9E,2023-03-25,5340,N138EV,22:32,22,5,2023,latter,JFK,23:59,-13,23,5,32,59,0,B6,16,N358JB,21:30,21,5,2023.0,early,22:44,92.0,22,5,30,44,2.0,1
2279,9E,2023-05-05,5340,N925XJ,22:50,22,4,2023,latter,JFK,0:12,-5,0,4,50,12,1,B6,2516,N193JB,21:59,21,4,2023.0,early,23:19,-11.0,23,4,59,19,0.0,1
2288,9E,2023-05-06,5340,N181GJ,22:50,22,5,2023,latter,JFK,0:12,-14,0,5,50,12,0,B6,2516,N323JB,21:59,21,5,2023.0,early,23:19,56.0,23,5,59,19,2.0,1
2297,9E,2023-05-07,5340,N147PQ,22:50,22,6,2023,latter,JFK,0:12,19,0,6,50,12,2,B6,2516,N198JB,21:59,21,6,2023.0,early,23:19,12.0,23,6,59,19,2.0,1
2304,9E,2023-05-08,5340,N272PQ,22:30,22,0,2023,latter,JFK,0:04,-26,0,0,30,04,0,B6,2516,N329JB,21:59,21,0,2023.0,early,23:19,-15.0,23,0,59,19,0.0,1
2311,9E,2023-05-09,5340,N336PQ,22:30,22,1,2023,latter,JFK,0:04,-2,0,1,30,04,1,B6,2516,N339JB,21:59,21,1,2023.0,early,23:19,2.0,23,1,59,19,1.0,1
2318,9E,2023-05-10,5340,N303PQ,22:30,22,2,2023,latter,JFK,0:04,-7,0,2,30,04,0,B6,2516,N265JB,21:59,21,2,2023.0,early,23:19,15.0,23,2,59,19,2.0,1
2325,9E,2023-05-11,5340,N181PQ,22:30,22,3,2023,latter,JFK,0:04,-17,0,3,30,04,0,B6,2516,N324JB,21:59,21,3,2023.0,early,23:19,-15.0,23,3,59,19,0.0,1
2332,9E,2023-05-12,5340,N304PQ,22:30,22,4,2023,latter,JFK,0:04,-25,0,4,30,04,0,B6,2516,N339JB,21:59,21,4,2023.0,early,23:19,7.0,23,4,59,19,2.0,1
2338,9E,2023-05-13,4896,N538CA,14:31,14,5,2023,latter,JFK,16:05,-26,16,5,31,05,0,B6,116,N307JB,13:30,13,5,2023.0,early,14:42,5.0,14,5,30,42,1.0,1
2341,9E,2023-05-13,5340,N197PQ,22:30,22,5,2023,latter,JFK,0:04,-2,0,5,30,04,1,B6,2516,N354JB,21:59,21,5,2023.0,early,23:19,-5.0,23,5,59,19,1.0,1
2348,9E,2023-05-14,5340,N929XJ,22:30,22,6,2023,latter,JFK,0:04,-23,0,6,30,04,0,B6,2516,N216JB,21:59,21,6,2023.0,early,23:19,-21.0,23,6,59,19,0.0,1
2355,9E,2023-05-15,5340,N316PQ,22:30,22,0,2023,latter,JFK,0:04,-30,0,0,30,04,0,B6,2516,N324JB,21:59,21,0,2023.0,early,23:19,-9.0,23,0,59,19,0.0,1
2362,9E,2023-05-16,5340,N303PQ,22:30,22,1,2023,latter,JFK,0:04,-5,0,1,30,04,1,B6,2516,N279JB,21:59,21,1,2023.0,early,23:19,-26.0,23,1,59,19,0.0,1
2369,9E,2023-05-17,5340,N691CA,22:30,22,2,2023,latter,JFK,0:04,-9,0,2,30,04,0,B6,2516,N368JB,21:59,21,2,2023.0,early,23:19,-13.0,23,2,59,19,0.0,1
2376,9E,2023-05-18,5340,N296PQ,22:30,22,3,2023,latter,JFK,0:04,-21,0,3,30,04,0,B6,2516,N304JB,21:59,21,3,2023.0,early,23:19,0.0,23,3,59,19,1.0,1
2383,9E,2023-05-19,5340,N310PQ,22:30,22,4,2023,latter,JFK,0:04,-9,0,4,30,04,0,B6,2516,N348JB,21:59,21,4,2023.0,early,23:19,28.0,23,4,59,19,2.0,1
2389,9E,2023-05-20,4896,N292PQ,14:31,14,5,2023,latter,JFK,16:05,7,16,5,31,05,2,B6,116,N258JB,13:30,13,5,2023.0,early,14:42,5.0,14,5,30,42,1.0,1
2392,9E,2023-05-20,5340,N319PQ,22:30,22,5,2023,latter,JFK,0:04,-1,0,5,30,04,1,B6,2516,N317JB,21:59,21,5,2023.0,early,23:19,123.0,23,5,59,19,2.0,1
2399,9E,2023-05-21,5340,N153PQ,22:30,22,6,2023,latter,JFK,0:04,-20,0,6,30,04,0,B6,2516,N337JB,21:59,21,6,2023.0,early,23:19,-20.0,23,6,59,19,0.0,1
2406,9E,2023-05-22,5340,N932XJ,22:30,22,0,2023,latter,JFK,0:04,5,0,0,30,04,1,B6,2516,N236JB,21:59,21,0,2023.0,early,23:19,69.0,23,0,59,19,2.0,1
2413,9E,2023-05-23,5340,N320PQ,22:30,22,1,2023,latter,JFK,0:04,-6,0,1,30,04,0,B6,2516,N184JB,21:59,21,1,2023.0,early,23:19,-2.0,23,1,59,19,1.0,1
2420,9E,2023-05-24,5340,N331PQ,22:30,22,2,2023,latter,JFK,0:04,-13,0,2,30,04,0,B6,2516,N368JB,21:59,21,2,2023.0,early,23:19,-7.0,23,2,59,19,0.0,1
2429,9E,2023-05-25,5340,N315PQ,22:30,22,3,2023,latter,JFK,0:04,-15,0,3,30,04,0,B6,2516,N190JB,21:59,21,3,2023.0,early,23:19,-3.0,23,3,59,19,1.0,1
2438,9E,2023-05-26,5340,N197PQ,22:30,22,4,2023,latter,JFK,0:04,8,0,4,30,04,2,B6,2516,N337JB,21:59,21,4,2023.0,early,23:19,33.0,23,4,59,19,2.0,1
2447,9E,2023-05-27,5340,N921XJ,22:30,22,5,2023,latter,JFK,0:04,-11,0,5,30,04,0,B6,2516,N228JB,21:59,21,5,2023.0,early,23:19,-18.0,23,5,59,19,0.0,1
2456,9E,2023-05-28,5340,N303PQ,22:30,22,6,2023,latter,JFK,0:04,-20,0,6,30,04,0,B6,2516,N249JB,21:59,21,6,2023.0,early,23:19,142.0,23,6,59,19,2.0,1
2465,9E,2023-05-29,5340,N335PQ,22:30,22,0,2023,latter,JFK,0:04,43,0,0,30,04,2,B6,2516,N324JB,21:59,21,0,2023.0,early,23:19,42.0,23,0,59,19,2.0,1
2474,9E,2023-05-30,5340,N293PQ,22:30,22,1,2023,latter,JFK,0:04,-12,0,1,30,04,0,B6,2516,N306JB,21:59,21,1,2023.0,early,23:19,-22.0,23,1,59,19,0.0,1
2483,9E,2023-05-31,5340,N187GJ,22:30,22,2,2023,latter,JFK,0:04,-13,0,2,30,04,0,B6,2516,N247JB,21:59,21,2,2023.0,early,23:19,-17.0,23,2,59,19,0.0,1
2492,9E,2023-06-01,5340,N349PQ,22:30,22,3,2023,latter,JFK,0:04,-21,0,3,30,04,0,B6,2516,N317JB,21:59,21,3,2023.0,early,23:19,-12.0,23,3,59,19,0.0,1
2501,9E,2023-06-02,5340,N313PQ,22:30,22,4,2023,latter,JFK,0:04,0,0,4,30,04,1,B6,2516,N203JB,21:59,21,4,2023.0,early,23:19,118.0,23,4,59,19,2.0,1
2510,9E,2023-06-03,5340,N348PQ,22:30,22,5,2023,latter,JFK,0:04,9,0,5,30,04,2,B6,2516,N306JB,21:59,21,5,2023.0,early,23:19,36.0,23,5,59,19,2.0,1
2519,9E,2023-06-04,5340,N306PQ,22:30,22,6,2023,latter,JFK,0:04,-24,0,6,30,04,0,B6,2516,N179JB,21:59,21,6,2023.0,early,23:19,-7.0,23,6,59,19,0.0,1
2528,9E,2023-06-05,5464,N138EV,22:50,22,0,2023,latter,JFK,0:21,-11,0,0,50,21,0,B6,2516,N184JB,21:59,21,0,2023.0,early,23:19,-20.0,23,0,59,19,0.0,1
2531,9E,2022-06-06,5036,N302PQ,22:00,22,0,2022,latter,JFK,23:37,-25,23,0,00,37,0,B6,2516,N273JB,21:45,21,0,2022.0,early,23:07,46.0,23,0,45,07,2.0,1
2536,9E,2022-06-07,5036,N311PQ,22:00,22,1,2022,latter,JFK,23:37,-11,23,1,00,37,0,B6,2516,N309JB,21:45,21,1,2022.0,early,23:07,8.0,23,1,45,07,2.0,1
2541,9E,2022-06-08,5036,N301PQ,22:00,22,2,2022,latter,JFK,23:37,-19,23,2,00,37,0,B6,2516,N348JB,21:45,21,2,2022.0,early,23:07,8.0,23,2,45,07,2.0,1
2578,9E,2023-06-15,5464,N348PQ,22:50,22,3,2023,latter,JFK,0:21,-29,0,3,50,21,0,B6,2516,N229JB,21:37,21,3,2023.0,early,23:02,100.0,23,3,37,02,2.0,1
2583,9E,2023-06-16,5464,N604LR,22:50,22,4,2023,latter,JFK,0:21,-19,0,4,50,21,0,B6,2516,N306JB,21:37,21,4,2023.0,early,23:02,0.0,23,4,37,02,1.0,1
2588,9E,2023-06-17,5464,N153PQ,22:50,22,5,2023,latter,JFK,0:21,4,0,5,50,21,1,B6,2516,N375JB,21:37,21,5,2023.0,early,23:02,61.0,23,5,37,02,2.0,1
2597,9E,2023-06-19,5464,N602LR,22:50,22,0,2023,latter,JFK,0:21,10,0,0,50,21,2,B6,2516,N236JB,21:37,21,0,2023.0,early,23:02,7.0,23,0,37,02,2.0,1
2602,9E,2023-06-20,5464,N319PQ,22:50,22,1,2023,latter,JFK,0:21,-2,0,1,50,21,1,B6,2516,N231JB,21:37,21,1,2023.0,early,23:02,22.0,23,1,37,02,2.0,1
2607,9E,2023-06-21,5464,N293PQ,22:50,22,2,2023,latter,JFK,0:21,23,0,2,50,21,2,B6,2516,N358JB,21:37,21,2,2023.0,early,23:02,29.0,23,2,37,02,2.0,1
2612,9E,2023-06-22,5464,N676CA,22:50,22,3,2023,latter,JFK,0:21,-26,0,3,50,21,0,B6,2516,N355JB,21:37,21,3,2023.0,early,23:02,-10.0,23,3,37,02,0.0,1
2617,9E,2023-06-23,5464,N302PQ,22:50,22,4,2023,latter,JFK,0:21,56,0,4,50,21,2,B6,2516,N265JB,21:37,21,4,2023.0,early,23:02,188.0,23,4,37,02,2.0,1
2622,9E,2023-06-24,5464,N903XJ,22:50,22,5,2023,latter,JFK,0:21,0,0,5,50,21,1,B6,2516,N197JB,21:37,21,5,2023.0,early,23:02,178.0,23,5,37,02,2.0,1
2631,9E,2023-06-26,5464,N153PQ,22:50,22,0,2023,latter,JFK,0:21,0,0,0,50,21,1,B6,2516,N206JB,21:37,21,0,2023.0,early,23:02,0.0,23,0,37,02,1.0,1
2636,9E,2023-06-27,5464,N138EV,22:50,22,1,2023,latter,JFK,0:21,0,0,1,50,21,1,B6,2516,N375JB,21:37,21,1,2023.0,early,23:02,0.0,23,1,37,02,1.0,1
2641,9E,2023-06-28,5464,N602LR,22:50,22,2,2023,latter,JFK,0:21,-1,0,2,50,21,1,B6,2516,N358JB,21:37,21,2,2023.0,early,23:02,74.0,23,2,37,02,2.0,1
2646,9E,2023-06-29,5464,N184GJ,22:50,22,3,2023,latter,JFK,0:21,-9,0,3,50,21,0,B6,2516,N231JB,21:37,21,3,2023.0,early,23:02,-4.0,23,3,37,02,1.0,1
2651,9E,2023-06-30,5464,N600LR,22:50,22,4,2023,latter,JFK,0:21,15,0,4,50,21,2,B6,2516,N358JB,21:37,21,4,2023.0,early,23:02,7.0,23,4,37,02,2.0,1
2656,9E,2023-07-01,5464,N304PQ,22:50,22,5,2023,latter,JFK,0:21,0,0,5,50,21,1,B6,2516,N184JB,21:37,21,5,2023.0,early,23:02,107.0,23,5,37,02,2.0,1
2661,9E,2023-07-02,5464,N324PQ,22:50,22,6,2023,latter,JFK,0:21,5,0,6,50,21,1,B6,2516,N197JB,21:37,21,6,2023.0,early,23:02,192.0,23,6,37,02,2.0,1
2666,9E,2023-07-03,5464,N927XJ,22:50,22,0,2023,latter,JFK,0:21,716,0,0,50,21,2,B6,2516,N229JB,21:37,21,0,2023.0,early,23:02,42.0,23,0,37,02,2.0,1
2671,9E,2023-07-04,5464,N301PQ,22:50,22,1,2023,latter,JFK,0:21,-1,0,1,50,21,1,B6,2516,N198JB,21:37,21,1,2023.0,early,23:02,82.0,23,1,37,02,2.0,1
2676,9E,2023-07-05,5464,N306PQ,22:50,22,2,2023,latter,JFK,0:21,-8,0,2,50,21,0,B6,2516,N190JB,21:37,21,2,2023.0,early,23:02,-21.0,23,2,37,02,0.0,1
2681,9E,2023-07-06,5464,N336PQ,22:50,22,3,2023,latter,JFK,0:21,-5,0,3,50,21,1,B6,2516,N193JB,21:39,21,3,2023.0,early,23:02,-16.0,23,3,39,02,0.0,1
2686,9E,2023-07-07,5464,N200PQ,22:50,22,4,2023,latter,JFK,0:21,0,0,4,50,21,1,B6,2516,N198JB,21:39,21,4,2023.0,early,23:02,0.0,23,4,39,02,1.0,1
2691,9E,2023-07-08,5464,N310PQ,22:50,22,5,2023,latter,JFK,0:21,-25,0,5,50,21,0,B6,2516,N328JB,21:39,21,5,2023.0,early,23:02,96.0,23,5,39,02,2.0,1
2696,9E,2023-07-09,5464,N931XJ,22:50,22,6,2023,latter,JFK,0:21,0,0,6,50,21,1,B6,2516,N265JB,21:39,21,6,2023.0,early,23:02,271.0,23,6,39,02,2.0,1
2701,9E,2023-07-10,5464,N910XJ,22:50,22,0,2023,latter,JFK,0:26,-2,0,0,50,26,1,B6,2516,N274JB,21:39,21,0,2023.0,early,23:02,197.0,23,0,39,02,2.0,1
2705,9E,2023-07-11,5464,N605LR,22:50,22,1,2023,latter,JFK,0:26,-35,0,1,50,26,0,B6,2516,N273JB,21:39,21,1,2023.0,early,23:02,6.0,23,1,39,02,2.0,1
2709,9E,2023-07-12,5464,N303PQ,22:50,22,2,2023,latter,JFK,0:26,-2,0,2,50,26,1,B6,2516,N323JB,21:39,21,2,2023.0,early,23:02,-6.0,23,2,39,02,0.0,1
2713,9E,2023-07-13,5464,N907XJ,22:50,22,3,2023,latter,JFK,0:26,0,0,3,50,26,1,B6,2516,N318JB,21:39,21,3,2023.0,early,23:02,0.0,23,3,39,02,1.0,1
2717,9E,2023-07-14,5464,N310PQ,22:50,22,4,2023,latter,JFK,0:26,0,0,4,50,26,1,B6,2516,N229JB,21:39,21,4,2023.0,early,23:02,150.0,23,4,39,02,2.0,1
2721,9E,2023-07-15,5464,N133EV,22:50,22,5,2023,latter,JFK,0:26,46,0,5,50,26,2,B6,2516,N184JB,21:39,21,5,2023.0,early,23:02,95.0,23,5,39,02,2.0,1
2725,9E,2023-07-16,5401,N300PQ,22:50,22,6,2023,latter,JFK,0:26,0,0,6,50,26,1,B6,2516,N267JB,21:39,21,6,2023.0,early,23:02,0.0,23,6,39,02,1.0,1
2729,9E,2023-07-17,5464,N930XJ,22:50,22,0,2023,latter,JFK,0:26,-11,0,0,50,26,0,B6,2516,N324JB,21:39,21,0,2023.0,early,23:02,96.0,23,0,39,02,2.0,1
2733,9E,2023-07-18,5464,N301PQ,22:50,22,1,2023,latter,JFK,0:26,0,0,1,50,26,1,B6,2516,N267JB,21:39,21,1,2023.0,early,23:02,9.0,23,1,39,02,2.0,1
2737,9E,2023-07-19,5464,N301PQ,22:50,22,2,2023,latter,JFK,0:26,0,0,2,50,26,1,B6,2516,N273JB,21:39,21,2,2023.0,early,23:02,15.0,23,2,39,02,2.0,1
2741,9E,2023-07-20,5464,N303PQ,22:50,22,3,2023,latter,JFK,0:26,0,0,3,50,26,1,B6,2516,N249JB,21:39,21,3,2023.0,early,23:02,76.0,23,3,39,02,2.0,1
2745,9E,2023-07-21,5464,N313PQ,22:50,22,4,2023,latter,JFK,0:26,30,0,4,50,26,2,B6,2516,N317JB,21:39,21,4,2023.0,early,23:02,47.0,23,4,39,02,2.0,1
2749,9E,2023-07-22,5464,N304PQ,22:50,22,5,2023,latter,JFK,0:26,-30,0,5,50,26,0,B6,2516,N375JB,21:39,21,5,2023.0,early,23:02,-11.0,23,5,39,02,0.0,1
2753,9E,2023-07-23,5401,N932XJ,22:50,22,6,2023,latter,JFK,0:26,34,0,6,50,26,2,B6,2516,N249JB,21:39,21,6,2023.0,early,23:02,66.0,23,6,39,02,2.0,1
2757,9E,2023-07-24,5464,N936XJ,22:50,22,0,2023,latter,JFK,0:26,-13,0,0,50,26,0,B6,2516,N249JB,21:39,21,0,2023.0,early,23:02,81.0,23,0,39,02,2.0,1
2761,9E,2023-07-25,5464,N932XJ,22:50,22,1,2023,latter,JFK,0:26,0,0,1,50,26,1,B6,2516,N375JB,21:39,21,1,2023.0,early,23:02,200.0,23,1,39,02,2.0,1
2765,9E,2023-07-26,5464,N905XJ,22:50,22,2,2023,latter,JFK,0:26,-28,0,2,50,26,0,B6,2516,N229JB,21:39,21,2,2023.0,early,23:02,51.0,23,2,39,02,2.0,1
2769,9E,2023-07-27,5464,N337PQ,22:50,22,3,2023,latter,JFK,0:26,0,0,3,50,26,1,B6,2516,N239JB,21:39,21,3,2023.0,early,23:02,167.0,23,3,39,02,2.0,1
2773,9E,2023-07-28,5464,N311PQ,22:50,22,4,2023,latter,JFK,0:26,66,0,4,50,26,2,B6,2516,N236JB,21:39,21,4,2023.0,early,23:02,81.0,23,4,39,02,2.0,1
2777,9E,2023-07-29,5464,N134EV,22:50,22,5,2023,latter,JFK,0:26,0,0,5,50,26,1,B6,2516,N339JB,21:39,21,5,2023.0,early,23:02,173.0,23,5,39,02,2.0,1
2781,9E,2023-07-30,5401,N187GJ,22:50,22,6,2023,latter,JFK,0:26,31,0,6,50,26,2,B6,2516,N179JB,21:39,21,6,2023.0,early,23:02,5.0,23,6,39,02,1.0,1
2785,9E,2023-07-31,5464,N927XJ,22:50,22,0,2023,latter,JFK,0:26,10,0,0,50,26,2,B6,2516,N267JB,21:39,21,0,2023.0,early,23:02,85.0,23,0,39,02,2.0,1
2789,9E,2023-08-01,5464,N303PQ,22:50,22,1,2023,latter,JFK,0:26,-11,0,1,50,26,0,B6,2516,N274JB,21:39,21,1,2023.0,early,23:02,-23.0,23,1,39,02,0.0,1
2793,9E,2023-08-02,5464,N272PQ,22:50,22,2,2023,latter,JFK,0:26,-14,0,2,50,26,0,B6,2516,N216JB,21:39,21,2,2023.0,early,23:02,42.0,23,2,39,02,2.0,1
2797,9E,2023-08-03,5464,N921XJ,22:50,22,3,2023,latter,JFK,0:26,29,0,3,50,26,2,B6,2516,N281JB,21:39,21,3,2023.0,early,23:02,30.0,23,3,39,02,2.0,1
2800,9E,2023-08-04,5464,N933XJ,22:50,22,4,2023,latter,JFK,0:26,-11,0,4,50,26,0,B6,2516,N267JB,21:39,21,4,2023.0,early,23:02,165.0,23,4,39,02,2.0,1
2803,9E,2023-08-05,5464,N602LR,22:50,22,5,2023,latter,JFK,0:26,11,0,5,50,26,2,B6,2516,N190JB,21:39,21,5,2023.0,early,23:02,4.0,23,5,39,02,1.0,1
2806,9E,2023-08-06,5464,N299PQ,22:50,22,6,2023,latter,JFK,0:26,-18,0,6,50,26,0,B6,2516,N266JB,21:40,21,6,2023.0,early,23:03,11.0,23,6,40,03,2.0,1
2809,9E,2023-08-07,5464,N187GJ,22:50,22,0,2023,latter,JFK,0:25,0,0,0,50,25,1,B6,2516,N274JB,21:40,21,0,2023.0,early,23:03,189.0,23,0,40,03,2.0,1
2812,9E,2023-08-08,5464,N337PQ,22:50,22,1,2023,latter,JFK,0:25,-10,0,1,50,25,0,B6,2516,N249JB,21:40,21,1,2023.0,early,23:03,6.0,23,1,40,03,2.0,1
2815,9E,2023-08-09,5464,N184GJ,22:50,22,2,2023,latter,JFK,0:25,466,0,2,50,25,2,B6,2516,N304JB,21:40,21,2,2023.0,early,23:03,-8.0,23,2,40,03,0.0,1
2818,9E,2023-08-10,5464,N324PQ,22:50,22,3,2023,latter,JFK,0:25,35,0,3,50,25,2,B6,2516,N231JB,21:40,21,3,2023.0,early,23:03,46.0,23,3,40,03,2.0,1
2821,9E,2023-08-11,5464,N306PQ,22:50,22,4,2023,latter,JFK,0:25,-17,0,4,50,25,0,B6,2516,N281JB,21:40,21,4,2023.0,early,23:03,-13.0,23,4,40,03,0.0,1
2824,9E,2023-08-12,5464,N935XJ,22:50,22,5,2023,latter,JFK,0:25,686,0,5,50,25,2,B6,2516,N307JB,21:40,21,5,2023.0,early,23:03,326.0,23,5,40,03,2.0,1
2827,9E,2023-08-13,5464,N935XJ,22:50,22,6,2023,latter,JFK,0:25,-14,0,6,50,25,0,B6,2516,N279JB,21:40,21,6,2023.0,early,23:03,120.0,23,6,40,03,2.0,1
2830,9E,2023-08-14,5464,N147PQ,22:50,22,0,2023,latter,JFK,0:25,-16,0,0,50,25,0,B6,2516,N307JB,21:40,21,0,2023.0,early,23:03,151.0,23,0,40,03,2.0,1
2833,9E,2023-08-15,5464,N337PQ,22:50,22,1,2023,latter,JFK,0:25,38,0,1,50,25,2,B6,2516,N354JB,21:40,21,1,2023.0,early,23:03,36.0,23,1,40,03,2.0,1
2836,9E,2023-08-16,5464,N313PQ,22:50,22,2,2023,latter,JFK,0:25,-18,0,2,50,25,0,B6,2516,N273JB,21:40,21,2,2023.0,early,23:03,0.0,23,2,40,03,1.0,1
2839,9E,2023-08-17,5464,N294PQ,22:50,22,3,2023,latter,JFK,0:25,28,0,3,50,25,2,B6,2516,N281JB,21:40,21,3,2023.0,early,23:03,120.0,23,3,40,03,2.0,1
2842,9E,2023-08-18,5464,N153PQ,22:50,22,4,2023,latter,JFK,0:25,15,0,4,50,25,2,B6,2516,N355JB,21:40,21,4,2023.0,early,23:03,169.0,23,4,40,03,2.0,1
2845,9E,2023-08-19,5464,N695CA,22:50,22,5,2023,latter,JFK,0:25,-20,0,5,50,25,0,B6,2516,N317JB,21:40,21,5,2023.0,early,23:03,12.0,23,5,40,03,2.0,1
2848,9E,2023-08-20,5464,N903XJ,22:50,22,6,2023,latter,JFK,0:25,-14,0,6,50,25,0,B6,2516,N197JB,21:40,21,6,2023.0,early,23:03,0.0,23,6,40,03,1.0,1
2851,9E,2023-08-21,5464,N691CA,22:50,22,0,2023,latter,JFK,0:25,-9,0,0,50,25,0,B6,2516,N304JB,21:40,21,0,2023.0,early,23:03,-11.0,23,0,40,03,0.0,1
2854,9E,2023-08-22,5464,N923XJ,22:50,22,1,2023,latter,JFK,0:25,-21,0,1,50,25,0,B6,2516,N328JB,21:40,21,1,2023.0,early,23:03,3.0,23,1,40,03,1.0,1
2857,9E,2023-08-23,5464,N538CA,22:50,22,2,2023,latter,JFK,0:25,-18,0,2,50,25,0,B6,2516,N306JB,21:40,21,2,2023.0,early,23:03,-8.0,23,2,40,03,0.0,1
2860,9E,2023-08-24,5464,N924XJ,22:50,22,3,2023,latter,JFK,0:25,-8,0,3,50,25,0,B6,2516,N184JB,21:40,21,3,2023.0,early,23:03,37.0,23,3,40,03,2.0,1
2863,9E,2023-08-25,5464,N908XJ,22:50,22,4,2023,latter,JFK,0:25,4,0,4,50,25,1,B6,2516,N265JB,21:40,21,4,2023.0,early,23:03,188.0,23,4,40,03,2.0,1
2866,9E,2023-08-26,5464,N325PQ,22:50,22,5,2023,latter,JFK,0:25,-25,0,5,50,25,0,B6,2516,N339JB,21:40,21,5,2023.0,early,23:03,-14.0,23,5,40,03,0.0,1
2869,9E,2023-08-27,5464,N131EV,22:50,22,6,2023,latter,JFK,0:25,-24,0,6,50,25,0,B6,2516,N198JB,21:40,21,6,2023.0,early,23:03,-11.0,23,6,40,03,0.0,1
2872,9E,2023-08-28,5464,N301PQ,22:50,22,0,2023,latter,JFK,0:25,15,0,0,50,25,2,B6,2516,N328JB,21:40,21,0,2023.0,early,23:03,10.0,23,0,40,03,2.0,1
2875,9E,2023-08-29,5464,N228PQ,22:50,22,1,2023,latter,JFK,0:25,-16,0,1,50,25,0,B6,2516,N236JB,21:40,21,1,2023.0,early,23:03,-19.0,23,1,40,03,0.0,1
2878,9E,2023-08-30,5464,N341PQ,22:50,22,2,2023,latter,JFK,0:25,-16,0,2,50,25,0,B6,2516,N231JB,21:40,21,2,2023.0,early,23:03,52.0,23,2,40,03,2.0,1
2881,9E,2023-08-31,5464,N921XJ,22:50,22,3,2023,latter,JFK,0:25,-34,0,3,50,25,0,B6,2516,N329JB,21:40,21,3,2023.0,early,23:03,-12.0,23,3,40,03,0.0,1
2884,9E,2023-09-01,5464,N311PQ,22:50,22,4,2023,latter,JFK,0:25,-31,0,4,50,25,0,B6,2516,N354JB,21:40,21,4,2023.0,early,23:03,0.0,23,4,40,03,1.0,1
2887,9E,2023-09-02,5464,N936XJ,22:50,22,5,2023,latter,JFK,0:25,6,0,5,50,25,2,B6,2516,N355JB,21:40,21,5,2023.0,early,23:03,21.0,23,5,40,03,2.0,1
2891,9E,2023-09-03,5464,N296PQ,22:50,22,6,2023,latter,JFK,0:25,-25,0,6,50,25,0,B6,2516,N354JB,21:40,21,6,2023.0,early,23:03,-5.0,23,6,40,03,1.0,1
2895,9E,2023-09-04,5464,N691CA,22:50,22,0,2023,latter,JFK,0:25,8,0,0,50,25,2,B6,2516,N328JB,21:40,21,0,2023.0,early,23:03,-12.0,23,0,40,03,0.0,1
2898,9E,2023-09-05,4988,N316PQ,23:00,23,1,2023,latter,JFK,0:23,0,0,1,00,23,1,B6,2516,N206JB,22:00,22,1,2023.0,early,23:23,-15.0,23,1,00,23,0.0,1
2909,9E,2022-09-07,5202,N601LR,9:59,9,2,2022,latter,JFK,11:20,7,11,2,59,20,2,B6,412,N258JB,8:10,8,2,2022.0,early,9:19,-11.0,9,2,10,19,0.0,1
2917,9E,2022-09-08,5202,N313PQ,9:59,9,3,2022,latter,JFK,11:20,-13,11,3,59,20,0,B6,412,N231JB,8:10,8,3,2022.0,early,9:19,28.0,9,3,10,19,2.0,1
2925,9E,2022-09-09,5202,N935XJ,9:59,9,4,2022,latter,JFK,11:20,-15,11,4,59,20,0,B6,412,N228JB,8:10,8,4,2022.0,early,9:19,0.0,9,4,10,19,1.0,1
2927,9E,2023-09-09,4988,N605LR,23:00,23,5,2023,latter,JFK,0:23,0,0,5,00,23,1,B6,2516,N238JB,22:00,22,5,2023.0,early,23:20,0.0,23,5,00,20,1.0,1
2933,9E,2022-09-10,5202,N329PQ,9:59,9,5,2022,latter,JFK,11:20,-7,11,5,59,20,0,B6,412,N247JB,8:10,8,5,2022.0,early,9:19,-9.0,9,5,10,19,0.0,1
2941,9E,2022-09-11,5202,N309PQ,9:59,9,6,2022,latter,JFK,11:20,138,11,6,59,20,2,B6,412,N274JB,8:10,8,6,2022.0,early,9:19,-19.0,9,6,10,19,0.0,1
2949,9E,2022-09-12,5202,N324PQ,9:59,9,0,2022,latter,JFK,11:20,-9,11,0,59,20,0,B6,412,N318JB,8:10,8,0,2022.0,early,9:19,1.0,9,0,10,19,1.0,1
2957,9E,2022-09-13,5202,N607LR,9:59,9,1,2022,latter,JFK,11:20,-8,11,1,59,20,0,B6,412,N184JB,8:10,8,1,2022.0,early,9:19,3.0,9,1,10,19,1.0,1
2965,9E,2022-09-14,5202,N932XJ,9:59,9,2,2022,latter,JFK,11:20,0,11,2,59,20,1,B6,412,N184JB,8:10,8,2,2022.0,early,9:19,-14.0,9,2,10,19,0.0,1
2973,9E,2022-09-15,5202,N297PQ,9:59,9,3,2022,latter,JFK,11:20,-8,11,3,59,20,0,B6,412,N323JB,8:10,8,3,2022.0,early,9:19,-6.0,9,3,10,19,0.0,1
2981,9E,2022-09-16,5202,N301PQ,9:59,9,4,2022,latter,JFK,11:20,8,11,4,59,20,2,B6,412,N197JB,8:10,8,4,2022.0,early,9:19,118.0,9,4,10,19,2.0,1
2993,9E,2022-09-17,5202,N300PQ,9:59,9,5,2022,latter,JFK,11:20,-11,11,5,59,20,0,B6,412,N283JB,8:10,8,5,2022.0,early,9:19,8.0,9,5,10,19,2.0,1
2996,9E,2023-09-17,4988,N906XJ,22:33,22,6,2023,latter,JFK,23:59,22,23,6,33,59,2,B6,2516,N324JB,21:55,21,6,2023.0,early,23:15,3.0,23,6,55,15,1.0,1
3005,9E,2022-09-18,5202,N187GJ,9:59,9,6,2022,latter,JFK,11:20,-7,11,6,59,20,0,B6,412,N249JB,8:10,8,6,2022.0,early,9:19,-14.0,9,6,10,19,0.0,1
3008,9E,2023-09-18,4988,N601LR,22:33,22,0,2023,latter,JFK,23:59,23,23,0,33,59,2,B6,2516,N266JB,21:55,21,0,2023.0,early,23:15,-11.0,23,0,55,15,0.0,1
3017,9E,2022-09-19,5202,N182GJ,9:59,9,0,2022,latter,JFK,11:20,-5,11,0,59,20,1,B6,412,N249JB,8:10,8,0,2022.0,early,9:19,4.0,9,0,10,19,1.0,1
3020,9E,2023-09-19,4988,N337PQ,22:33,22,1,2023,latter,JFK,23:59,-15,23,1,33,59,0,B6,2516,N324JB,21:55,21,1,2023.0,early,23:15,3.0,23,1,55,15,1.0,1
3029,9E,2022-09-20,5202,N695CA,9:59,9,1,2022,latter,JFK,11:20,-19,11,1,59,20,0,B6,412,N368JB,8:10,8,1,2022.0,early,9:19,0.0,9,1,10,19,1.0,1
3032,9E,2023-09-20,4988,N695CA,22:33,22,2,2023,latter,JFK,23:59,20,23,2,33,59,2,B6,2516,N236JB,21:55,21,2,2023.0,early,23:15,46.0,23,2,55,15,2.0,1
3041,9E,2022-09-21,5202,N303PQ,9:59,9,2,2022,latter,JFK,11:20,-5,11,2,59,20,1,B6,412,N187JB,8:10,8,2,2022.0,early,9:19,-6.0,9,2,10,19,0.0,1
3044,9E,2023-09-21,4988,N329PQ,22:33,22,3,2023,latter,JFK,23:59,-15,23,3,33,59,0,B6,2516,N355JB,21:55,21,3,2023.0,early,23:15,1.0,23,3,55,15,1.0,1
3053,9E,2022-09-22,5202,N910XJ,9:59,9,3,2022,latter,JFK,11:20,-2,11,3,59,20,1,B6,412,N193JB,8:10,8,3,2022.0,early,9:19,56.0,9,3,10,19,2.0,1
3056,9E,2023-09-22,4988,N299PQ,22:33,22,4,2023,latter,JFK,23:59,17,23,4,33,59,2,B6,2516,N354JB,21:55,21,4,2023.0,early,23:15,99.0,23,4,55,15,2.0,1
3065,9E,2022-09-23,5202,N309PQ,9:59,9,4,2022,latter,JFK,11:20,113,11,4,59,20,2,B6,412,N190JB,8:10,8,4,2022.0,early,9:19,1.0,9,4,10,19,1.0,1
3077,9E,2022-09-24,5202,N908XJ,9:59,9,5,2022,latter,JFK,11:20,-14,11,5,59,20,0,B6,412,N190JB,8:10,8,5,2022.0,early,9:19,-9.0,9,5,10,19,0.0,1
3080,9E,2023-09-24,4988,N279PQ,22:33,22,6,2023,latter,JFK,23:59,95,23,6,33,59,2,B6,2516,N358JB,21:55,21,6,2023.0,early,23:15,170.0,23,6,55,15,2.0,1
3089,9E,2022-09-25,5202,N200PQ,9:59,9,6,2022,latter,JFK,11:20,1,11,6,59,20,1,B6,412,N324JB,8:10,8,6,2022.0,early,9:19,-10.0,9,6,10,19,0.0,1
3092,9E,2023-09-25,4988,N336PQ,22:33,22,0,2023,latter,JFK,23:59,112,23,0,33,59,2,B6,2516,N258JB,21:55,21,0,2023.0,early,23:15,89.0,23,0,55,15,2.0,1
3101,9E,2022-09-26,5202,N176PQ,9:59,9,0,2022,latter,JFK,11:20,-19,11,0,59,20,0,B6,412,N249JB,8:10,8,0,2022.0,early,9:19,15.0,9,0,10,19,2.0,1
3104,9E,2023-09-26,4988,N133EV,22:33,22,1,2023,latter,JFK,23:59,-19,23,1,33,59,0,B6,2516,N267JB,21:55,21,1,2023.0,early,23:15,13.0,23,1,55,15,2.0,1
3113,9E,2022-09-27,5202,N176PQ,9:59,9,1,2022,latter,JFK,11:20,23,11,1,59,20,2,B6,412,N292JB,8:10,8,1,2022.0,early,9:19,-5.0,9,1,10,19,1.0,1
3116,9E,2023-09-27,4988,N325PQ,22:33,22,2,2023,latter,JFK,23:59,-2,23,2,33,59,1,B6,2516,N324JB,21:55,21,2,2023.0,early,23:15,-12.0,23,2,55,15,0.0,1
3125,9E,2022-09-28,5202,N298PQ,9:59,9,2,2022,latter,JFK,11:20,-8,11,2,59,20,0,B6,412,N292JB,8:10,8,2,2022.0,early,9:19,3.0,9,2,10,19,1.0,1
3128,9E,2023-09-28,4988,N349PQ,22:33,22,3,2023,latter,JFK,23:59,38,23,3,33,59,2,B6,2516,N249JB,21:55,21,3,2023.0,early,23:15,-2.0,23,3,55,15,1.0,1
3137,9E,2022-09-29,5202,N146PQ,9:59,9,3,2022,latter,JFK,11:20,109,11,3,59,20,2,B6,412,N323JB,8:10,8,3,2022.0,early,9:19,-12.0,9,3,10,19,0.0,1
3140,9E,2023-09-29,4988,N136EV,22:33,22,4,2023,latter,JFK,23:59,0,23,4,33,59,1,B6,2516,N337JB,21:55,21,4,2023.0,early,23:15,0.0,23,4,55,15,1.0,1
3149,9E,2022-09-30,5202,N133EV,9:59,9,4,2022,latter,JFK,11:20,-6,11,4,59,20,0,B6,412,N353JB,8:10,8,4,2022.0,early,9:19,-4.0,9,4,10,19,1.0,1
3164,9E,2022-10-01,5202,N298PQ,9:59,9,5,2022,latter,JFK,11:20,-1,11,5,59,20,1,B6,412,N353JB,8:10,8,5,2022.0,early,9:19,2.0,9,5,10,19,1.0,1
3167,9E,2023-10-01,4988,N183GJ,22:33,22,6,2023,latter,JFK,23:59,-9,23,6,33,59,0,B6,2516,N368JB,21:55,21,6,2023.0,early,23:15,10.0,23,6,55,15,2.0,1
3179,9E,2022-10-02,5202,N676CA,9:59,9,6,2022,latter,JFK,11:20,45,11,6,59,20,2,B6,412,N306JB,8:10,8,6,2022.0,early,9:19,7.0,9,6,10,19,2.0,1
3182,9E,2023-10-02,4988,N936XJ,22:33,22,0,2023,latter,JFK,23:59,60,23,0,33,59,2,B6,2516,N266JB,21:55,21,0,2023.0,early,23:15,-19.0,23,0,55,15,0.0,1
3194,9E,2022-10-03,5202,N926XJ,9:59,9,0,2022,latter,JFK,11:20,25,11,0,59,20,2,B6,412,N265JB,8:10,8,0,2022.0,early,9:19,-8.0,9,0,10,19,0.0,1
3197,9E,2023-10-03,4988,N305PQ,22:33,22,1,2023,latter,JFK,23:59,-19,23,1,33,59,0,B6,2516,N216JB,21:55,21,1,2023.0,early,23:15,40.0,23,1,55,15,2.0,1
3209,9E,2022-10-04,5202,N182GJ,9:59,9,1,2022,latter,JFK,11:20,53,11,1,59,20,2,B6,412,N346JB,8:10,8,1,2022.0,early,9:19,10.0,9,1,10,19,2.0,1
3212,9E,2023-10-04,4988,N301PQ,22:33,22,2,2023,latter,JFK,23:59,-10,23,2,33,59,0,B6,2516,N239JB,21:55,21,2,2023.0,early,23:15,-13.0,23,2,55,15,0.0,1
3224,9E,2022-10-05,5202,N320PQ,9:59,9,2,2022,latter,JFK,11:20,-7,11,2,59,20,0,B6,412,N346JB,8:10,8,2,2022.0,early,9:19,6.0,9,2,10,19,2.0,1
3227,9E,2023-10-05,4988,N147PQ,22:33,22,3,2023,latter,JFK,23:59,28,23,3,33,59,2,B6,2516,N281JB,21:55,21,3,2023.0,early,23:15,20.0,23,3,55,15,2.0,1
3237,9E,2022-10-06,5202,N146PQ,9:59,9,3,2022,latter,JFK,11:14,-2,11,3,59,14,1,B6,412,N373JB,8:10,8,3,2022.0,early,9:19,1.0,9,3,10,19,1.0,1
3240,9E,2023-10-06,4988,N181GJ,22:33,22,4,2023,latter,JFK,23:59,35,23,4,33,59,2,B6,2516,N198JB,21:55,21,4,2023.0,early,23:15,-15.0,23,4,55,15,0.0,1
3250,9E,2022-10-07,5202,N296PQ,9:59,9,4,2022,latter,JFK,11:14,-12,11,4,59,14,0,B6,412,N296JB,8:10,8,4,2022.0,early,9:19,12.0,9,4,10,19,2.0,1
3263,9E,2022-10-08,5202,N314PQ,9:59,9,5,2022,latter,JFK,11:14,-6,11,5,59,14,0,B6,412,N351JB,8:10,8,5,2022.0,early,9:19,-12.0,9,5,10,19,0.0,1
3266,9E,2023-10-08,4988,N329PQ,22:35,22,6,2023,latter,JFK,0:01,-16,0,6,35,01,0,B6,2516,N324JB,21:55,21,6,2023.0,early,23:15,-22.0,23,6,55,15,0.0,1
3276,9E,2022-10-09,5202,N187GJ,9:59,9,6,2022,latter,JFK,11:14,-1,11,6,59,14,1,B6,412,N184JB,8:10,8,6,2022.0,early,9:19,24.0,9,6,10,19,2.0,1
3279,9E,2023-10-09,4988,N602LR,22:41,22,0,2023,latter,JFK,0:13,-10,0,0,41,13,0,B6,2516,N228JB,21:55,21,0,2023.0,early,23:15,-28.0,23,0,55,15,0.0,1
3289,9E,2022-10-10,5202,N232PQ,9:59,9,0,2022,latter,JFK,11:14,-3,11,0,59,14,1,B6,412,N306JB,8:10,8,0,2022.0,early,9:19,-13.0,9,0,10,19,0.0,1
3292,9E,2023-10-10,4988,N314PQ,22:41,22,1,2023,latter,JFK,0:13,-24,0,1,41,13,0,B6,2516,N249JB,21:55,21,1,2023.0,early,23:15,43.0,23,1,55,15,2.0,1
3302,9E,2022-10-11,5202,N310PQ,9:59,9,1,2022,latter,JFK,11:14,-13,11,1,59,14,0,B6,412,N339JB,8:10,8,1,2022.0,early,9:19,-13.0,9,1,10,19,0.0,1
3305,9E,2023-10-11,4988,N901XJ,22:41,22,2,2023,latter,JFK,0:13,-23,0,2,41,13,0,B6,2516,N229JB,21:55,21,2,2023.0,early,23:15,-4.0,23,2,55,15,1.0,1
3315,9E,2022-10-12,5202,N166PQ,9:59,9,2,2022,latter,JFK,11:14,-7,11,2,59,14,0,B6,412,N353JB,8:10,8,2,2022.0,early,9:19,-9.0,9,2,10,19,0.0,1
3318,9E,2023-10-12,4988,N925XJ,22:41,22,3,2023,latter,JFK,0:13,-16,0,3,41,13,0,B6,2516,N249JB,21:55,21,3,2023.0,early,23:15,15.0,23,3,55,15,2.0,1
3328,9E,2022-10-13,5202,N132EV,9:59,9,3,2022,latter,JFK,11:14,-4,11,3,59,14,1,B6,412,N266JB,8:10,8,3,2022.0,early,9:19,-4.0,9,3,10,19,1.0,1
3331,9E,2023-10-13,4988,N600LR,22:41,22,4,2023,latter,JFK,0:13,-16,0,4,41,13,0,B6,2516,N368JB,21:55,21,4,2023.0,early,23:15,-1.0,23,4,55,15,1.0,1
3341,9E,2022-10-14,5202,N935XJ,9:59,9,4,2022,latter,JFK,11:14,-10,11,4,59,14,0,B6,412,N197JB,8:10,8,4,2022.0,early,9:19,0.0,9,4,10,19,1.0,1
3354,9E,2022-10-15,5202,N137EV,9:59,9,5,2022,latter,JFK,11:14,-12,11,5,59,14,0,B6,412,N203JB,8:10,8,5,2022.0,early,9:19,59.0,9,5,10,19,2.0,1
3357,9E,2023-10-15,4988,N926XJ,22:41,22,6,2023,latter,JFK,0:13,-20,0,6,41,13,0,B6,2516,N368JB,21:55,21,6,2023.0,early,23:15,-7.0,23,6,55,15,0.0,1
3367,9E,2022-10-16,5202,N607LR,9:59,9,6,2022,latter,JFK,11:14,-6,11,6,59,14,0,B6,412,N373JB,8:10,8,6,2022.0,early,9:19,-8.0,9,6,10,19,0.0,1
3370,9E,2023-10-16,4988,N901XJ,22:41,22,0,2023,latter,JFK,0:13,-14,0,0,41,13,0,B6,2516,N337JB,21:55,21,0,2023.0,early,23:15,70.0,23,0,55,15,2.0,1
3380,9E,2022-10-17,5202,N308PQ,9:59,9,0,2022,latter,JFK,11:14,-8,11,0,59,14,0,B6,412,N328JB,8:10,8,0,2022.0,early,9:19,-13.0,9,0,10,19,0.0,1
3383,9E,2023-10-17,4988,N197PQ,22:41,22,1,2023,latter,JFK,0:13,-27,0,1,41,13,0,B6,2516,N368JB,21:55,21,1,2023.0,early,23:15,-4.0,23,1,55,15,1.0,1
3393,9E,2022-10-18,5202,N310PQ,9:59,9,1,2022,latter,JFK,11:14,-10,11,1,59,14,0,B6,412,N193JB,8:10,8,1,2022.0,early,9:19,-9.0,9,1,10,19,0.0,1
3396,9E,2023-10-18,4988,N695CA,22:41,22,2,2023,latter,JFK,0:13,-14,0,2,41,13,0,B6,2516,N279JB,21:55,21,2,2023.0,early,23:15,-23.0,23,2,55,15,0.0,1
3406,9E,2022-10-19,5202,N908XJ,9:59,9,2,2022,latter,JFK,11:14,-10,11,2,59,14,0,B6,412,N328JB,8:10,8,2,2022.0,early,9:19,-10.0,9,2,10,19,0.0,1
3409,9E,2023-10-19,4988,N335PQ,22:41,22,3,2023,latter,JFK,0:13,-11,0,3,41,13,0,B6,2516,N337JB,21:55,21,3,2023.0,early,23:15,-23.0,23,3,55,15,0.0,1
3419,9E,2022-10-20,5202,N131EV,9:59,9,3,2022,latter,JFK,11:14,-1,11,3,59,14,1,B6,412,N265JB,8:10,8,3,2022.0,early,9:19,54.0,9,3,10,19,2.0,1
3422,9E,2023-10-20,4988,N293PQ,22:41,22,4,2023,latter,JFK,0:13,2,0,4,41,13,1,B6,2516,N354JB,21:55,21,4,2023.0,early,23:15,16.0,23,4,55,15,2.0,1
3432,9E,2022-10-21,5202,N909XJ,9:59,9,4,2022,latter,JFK,11:14,-6,11,4,59,14,0,B6,412,N265JB,8:10,8,4,2022.0,early,9:19,-1.0,9,4,10,19,1.0,1
3445,9E,2022-10-22,5202,N925XJ,9:59,9,5,2022,latter,JFK,11:14,5,11,5,59,14,1,B6,412,N267JB,8:10,8,5,2022.0,early,9:19,-5.0,9,5,10,19,1.0,1
3448,9E,2023-10-22,4988,N297PQ,22:41,22,6,2023,latter,JFK,0:13,0,0,6,41,13,1,B6,2516,N279JB,21:55,21,6,2023.0,early,23:15,-2.0,23,6,55,15,1.0,1
3458,9E,2022-10-23,5202,N313PQ,9:59,9,6,2022,latter,JFK,11:14,-20,11,6,59,14,0,B6,412,N368JB,8:10,8,6,2022.0,early,9:19,-19.0,9,6,10,19,0.0,1
3461,9E,2023-10-23,4988,N181GJ,22:41,22,0,2023,latter,JFK,0:13,-26,0,0,41,13,0,B6,2516,N236JB,21:55,21,0,2023.0,early,23:15,9.0,23,0,55,15,2.0,1
3471,9E,2022-10-24,5202,N604LR,9:59,9,0,2022,latter,JFK,11:14,-18,11,0,59,14,0,B6,412,N231JB,8:10,8,0,2022.0,early,9:19,-14.0,9,0,10,19,0.0,1
3474,9E,2023-10-24,4988,N925XJ,22:41,22,1,2023,latter,JFK,0:13,-26,0,1,41,13,0,B6,2516,N267JB,21:55,21,1,2023.0,early,23:15,4.0,23,1,55,15,1.0,1
3484,9E,2022-10-25,5202,N319PQ,9:59,9,1,2022,latter,JFK,11:14,107,11,1,59,14,2,B6,412,N267JB,8:10,8,1,2022.0,early,9:19,347.0,9,1,10,19,2.0,1
3487,9E,2023-10-25,4988,N134EV,22:41,22,2,2023,latter,JFK,0:13,-10,0,2,41,13,0,B6,2516,N206JB,21:55,21,2,2023.0,early,23:15,-4.0,23,2,55,15,1.0,1
3497,9E,2022-10-26,5202,N297PQ,9:59,9,2,2022,latter,JFK,11:14,-5,11,2,59,14,1,B6,412,N203JB,8:10,8,2,2022.0,early,9:19,21.0,9,2,10,19,2.0,1
3500,9E,2023-10-26,4988,N601LR,22:41,22,3,2023,latter,JFK,0:13,-21,0,3,41,13,0,B6,2516,N355JB,21:55,21,3,2023.0,early,23:15,-11.0,23,3,55,15,0.0,1
3510,9E,2022-10-27,5202,N307PQ,9:59,9,3,2022,latter,JFK,11:14,96,11,3,59,14,2,B6,412,N324JB,8:10,8,3,2022.0,early,9:19,-15.0,9,3,10,19,0.0,1
3513,9E,2023-10-27,4988,N925XJ,22:41,22,4,2023,latter,JFK,0:13,-27,0,4,41,13,0,B6,2516,N284JB,21:55,21,4,2023.0,early,23:15,-3.0,23,4,55,15,1.0,1
3523,9E,2022-10-28,5202,N905XJ,9:59,9,4,2022,latter,JFK,11:14,-2,11,4,59,14,1,B6,412,N358JB,8:10,8,4,2022.0,early,9:19,-13.0,9,4,10,19,0.0,1
3538,9E,2022-10-29,5202,N582CA,9:59,9,5,2022,latter,JFK,11:14,-13,11,5,59,14,0,B6,412,N192JB,8:10,8,5,2022.0,early,9:19,-15.0,9,5,10,19,0.0,1
3544,9E,2023-10-29,5206,N304PQ,15:26,15,6,2023,latter,JFK,16:58,-14,16,6,26,58,0,B6,116,N216JB,14:00,14,6,2023.0,early,15:21,-11.0,15,6,00,21,0.0,1
3559,9E,2023-10-30,5206,N602LR,15:26,15,0,2023,latter,JFK,16:58,-4,16,0,26,58,1,B6,116,N249JB,14:00,14,0,2023.0,early,15:21,16.0,15,0,00,21,2.0,1
3574,9E,2023-10-31,5206,N293PQ,15:26,15,1,2023,latter,JFK,16:58,-6,16,1,26,58,0,B6,116,N323JB,14:00,14,1,2023.0,early,15:21,-4.0,15,1,00,21,1.0,1
3582,9E,2022-11-01,5202,N304PQ,9:59,9,1,2022,latter,JFK,11:14,-10,11,1,59,14,0,B6,16,N274JB,8:10,8,1,2022.0,early,9:20,5.0,9,1,10,20,1.0,1
3589,9E,2023-11-01,5206,N320PQ,15:26,15,2,2023,latter,JFK,16:58,-11,16,2,26,58,0,B6,116,N368JB,14:00,14,2,2023.0,early,15:21,-14.0,15,2,00,21,0.0,1
3597,9E,2022-11-02,5202,N931XJ,9:59,9,2,2022,latter,JFK,11:14,-12,11,2,59,14,0,B6,16,N247JB,8:10,8,2,2022.0,early,9:20,-10.0,9,2,10,20,0.0,1
3604,9E,2023-11-02,5206,N297PQ,15:26,15,3,2023,latter,JFK,16:58,-16,16,3,26,58,0,B6,116,N318JB,14:00,14,3,2023.0,early,15:21,-18.0,15,3,00,21,0.0,1
3612,9E,2022-11-03,5202,N302PQ,9:59,9,3,2022,latter,JFK,11:14,53,11,3,59,14,2,B6,16,N346JB,8:10,8,3,2022.0,early,9:20,4.0,9,3,10,20,1.0,1
3619,9E,2023-11-03,5206,N906XJ,15:26,15,4,2023,latter,JFK,16:58,-24,16,4,26,58,0,B6,116,N348JB,14:00,14,4,2023.0,early,15:21,-17.0,15,4,00,21,0.0,1
3627,9E,2022-11-04,5202,N300PQ,9:59,9,4,2022,latter,JFK,11:14,-6,11,4,59,14,0,B6,16,N368JB,8:10,8,4,2022.0,early,9:20,-1.0,9,4,10,20,1.0,1
3634,9E,2023-11-04,5206,N298PQ,15:26,15,5,2023,latter,JFK,16:58,-32,16,5,26,58,0,B6,116,N329JB,14:00,14,5,2023.0,early,15:21,-8.0,15,5,00,21,0.0,1
3642,9E,2022-11-05,5202,N305PQ,9:59,9,5,2022,latter,JFK,11:14,-15,11,5,59,14,0,B6,16,N329JB,8:10,8,5,2022.0,early,9:20,126.0,9,5,10,20,2.0,1
3645,9E,2023-11-05,4844,N136EV,15:00,15,6,2023,latter,JFK,16:31,-21,16,6,00,31,0,B6,116,N328JB,14:00,14,6,2023.0,early,15:21,-27.0,15,6,00,21,0.0,1
3651,9E,2022-11-06,4908,N909XJ,9:59,9,6,2022,latter,JFK,11:14,-17,11,6,59,14,0,B6,16,N329JB,8:10,8,6,2022.0,early,9:20,20.0,9,6,10,20,2.0,1
3660,9E,2023-11-06,4844,N302PQ,15:00,15,0,2023,latter,JFK,16:31,-6,16,0,00,31,0,B6,116,N323JB,14:00,14,0,2023.0,early,15:21,6.0,15,0,00,21,2.0,1
3666,9E,2022-11-07,4908,N272PQ,9:59,9,0,2022,latter,JFK,11:14,-15,11,0,59,14,0,B6,16,N198JB,8:10,8,0,2022.0,early,9:20,-10.0,9,0,10,20,0.0,1
3675,9E,2023-11-07,4844,N600LR,15:00,15,1,2023,latter,JFK,16:31,3,16,1,00,31,1,B6,116,N337JB,14:00,14,1,2023.0,early,15:21,-9.0,15,1,00,21,0.0,1
3687,9E,2022-11-08,5202,N195PQ,9:59,9,1,2022,latter,JFK,11:14,-5,11,1,59,14,1,B6,16,N198JB,8:10,8,1,2022.0,early,9:20,3.0,9,1,10,20,1.0,1
3690,9E,2023-11-08,4844,N272PQ,15:00,15,2,2023,latter,JFK,16:31,6,16,2,00,31,2,B6,116,N249JB,14:00,14,2,2023.0,early,15:21,-7.0,15,2,00,21,0.0,1
3702,9E,2022-11-09,5202,N279PQ,9:10,9,2,2022,latter,JFK,10:27,-2,10,2,10,27,1,B6,16,N183JB,8:10,8,2,2022.0,early,9:20,70.0,9,2,10,20,2.0,1
3705,9E,2023-11-09,4844,N320PQ,15:00,15,3,2023,latter,JFK,16:31,6,16,3,00,31,2,B6,116,N323JB,14:00,14,3,2023.0,early,15:21,-18.0,15,3,00,21,0.0,1
3717,9E,2022-11-10,5202,N316PQ,9:10,9,3,2022,latter,JFK,10:27,-16,10,3,10,27,0,B6,16,N203JB,8:10,8,3,2022.0,early,9:20,87.0,9,3,10,20,2.0,1
3720,9E,2023-11-10,4844,N308PQ,15:00,15,4,2023,latter,JFK,16:31,-18,16,4,00,31,0,B6,116,N339JB,14:00,14,4,2023.0,early,15:21,-14.0,15,4,00,21,0.0,1
3732,9E,2022-11-11,5202,N341PQ,9:10,9,4,2022,latter,JFK,10:27,-15,10,4,10,27,0,B6,16,N231JB,8:10,8,4,2022.0,early,9:20,-1.0,9,4,10,20,1.0,1
3735,9E,2023-11-11,4844,N320PQ,15:00,15,5,2023,latter,JFK,16:31,-23,16,5,00,31,0,B6,116,N306JB,14:00,14,5,2023.0,early,15:21,-2.0,15,5,00,21,1.0,1
3747,9E,2022-11-12,5202,N306PQ,9:50,9,5,2022,latter,JFK,11:06,-4,11,5,50,06,1,B6,16,N231JB,8:10,8,5,2022.0,early,9:20,13.0,9,5,10,20,2.0,1
3750,9E,2023-11-12,4844,N676CA,15:00,15,6,2023,latter,JFK,16:31,0,16,6,00,31,1,B6,116,N355JB,14:00,14,6,2023.0,early,15:21,-12.0,15,6,00,21,0.0,1
3762,9E,2022-11-13,5202,N931XJ,9:10,9,6,2022,latter,JFK,10:27,-3,10,6,10,27,1,B6,16,N231JB,8:10,8,6,2022.0,early,9:20,-3.0,9,6,10,20,1.0,1
3765,9E,2023-11-13,4844,N200PQ,15:00,15,0,2023,latter,JFK,16:31,2,16,0,00,31,1,B6,116,N284JB,14:00,14,0,2023.0,early,15:21,37.0,15,0,00,21,2.0,1
3777,9E,2022-11-14,5202,N187GJ,9:10,9,0,2022,latter,JFK,10:27,3,10,0,10,27,1,B6,16,N309JB,8:10,8,0,2022.0,early,9:20,-8.0,9,0,10,20,0.0,1
3780,9E,2023-11-14,4844,N329PQ,15:00,15,1,2023,latter,JFK,16:31,0,16,1,00,31,1,B6,116,N229JB,14:00,14,1,2023.0,early,15:21,-8.0,15,1,00,21,0.0,1
3792,9E,2022-11-15,5202,N607LR,9:10,9,1,2022,latter,JFK,10:27,-20,10,1,10,27,0,B6,16,N309JB,8:10,8,1,2022.0,early,9:20,-5.0,9,1,10,20,1.0,1
3795,9E,2023-11-15,4844,N538CA,15:00,15,2,2023,latter,JFK,16:31,-16,16,2,00,31,0,B6,116,N231JB,14:00,14,2,2023.0,early,15:21,-8.0,15,2,00,21,0.0,1
3807,9E,2022-11-16,5202,N930XJ,9:10,9,2,2022,latter,JFK,10:27,-3,10,2,10,27,1,B6,16,N358JB,8:10,8,2,2022.0,early,9:20,24.0,9,2,10,20,2.0,1
3810,9E,2023-11-16,4844,N272PQ,15:00,15,3,2023,latter,JFK,16:31,-13,16,3,00,31,0,B6,116,N274JB,14:14,14,3,2023.0,early,15:35,-18.0,15,3,14,35,0.0,1
3822,9E,2022-11-17,5202,N153PQ,9:10,9,3,2022,latter,JFK,10:27,-8,10,3,10,27,0,B6,16,N193JB,8:10,8,3,2022.0,early,9:20,-5.0,9,3,10,20,1.0,1
3825,9E,2023-11-17,4844,N134EV,15:00,15,4,2023,latter,JFK,16:31,-16,16,4,00,31,0,B6,116,N318JB,14:15,14,4,2023.0,early,15:35,-18.0,15,4,15,35,0.0,1
3837,9E,2022-11-18,5202,N131EV,9:10,9,4,2022,latter,JFK,10:27,-6,10,4,10,27,0,B6,16,N265JB,8:10,8,4,2022.0,early,9:20,-6.0,9,4,10,20,0.0,1
3840,9E,2023-11-18,4844,N313PQ,15:00,15,5,2023,latter,JFK,16:31,-27,16,5,00,31,0,B6,116,N337JB,14:15,14,5,2023.0,early,15:35,-24.0,15,5,15,35,0.0,1
3852,9E,2022-11-19,5202,N901XJ,9:50,9,5,2022,latter,JFK,11:06,14,11,5,50,06,2,B6,16,N247JB,8:10,8,5,2022.0,early,9:20,2.0,9,5,10,20,1.0,1
3855,9E,2023-11-19,4844,N303PQ,15:00,15,6,2023,latter,JFK,16:31,-9,16,6,00,31,0,B6,116,N231JB,14:14,14,6,2023.0,early,15:35,9.0,15,6,14,35,2.0,1
3867,9E,2022-11-20,5202,N926XJ,9:10,9,6,2022,latter,JFK,10:27,7,10,6,10,27,2,B6,16,N306JB,8:10,8,6,2022.0,early,9:20,138.0,9,6,10,20,2.0,1
3870,9E,2023-11-20,4844,N308PQ,15:00,15,0,2023,latter,JFK,16:31,8,16,0,00,31,2,B6,116,N216JB,14:15,14,0,2023.0,early,15:35,11.0,15,0,15,35,2.0,1
3882,9E,2022-11-21,5202,N137EV,9:10,9,0,2022,latter,JFK,10:27,-4,10,0,10,27,1,B6,16,N228JB,8:10,8,0,2022.0,early,9:20,-3.0,9,0,10,20,1.0,1
3885,9E,2023-11-21,4844,N924XJ,15:00,15,1,2023,latter,JFK,16:31,-14,16,1,00,31,0,B6,116,N267JB,14:15,14,1,2023.0,early,15:35,19.0,15,1,15,35,2.0,1
3897,9E,2022-11-22,5202,N181PQ,9:10,9,1,2022,latter,JFK,10:27,-17,10,1,10,27,0,B6,16,N193JB,8:10,8,1,2022.0,early,9:20,-16.0,9,1,10,20,0.0,1
3900,9E,2023-11-22,4844,N678CA,15:00,15,2,2023,latter,JFK,16:31,-11,16,2,00,31,0,B6,116,N324JB,14:14,14,2,2023.0,early,15:35,-8.0,15,2,14,35,0.0,1
3912,9E,2022-11-23,5202,N602LR,9:10,9,2,2022,latter,JFK,10:27,-5,10,2,10,27,1,B6,16,N267JB,8:10,8,2,2022.0,early,9:20,-7.0,9,2,10,20,0.0,1
3923,9E,2023-11-25,4844,N183GJ,15:00,15,5,2023,latter,JFK,16:31,-24,16,5,00,31,0,B6,116,N339JB,14:15,14,5,2023.0,early,15:35,8.0,15,5,15,35,2.0,1
3935,9E,2022-11-26,5202,N320PQ,9:10,9,5,2022,latter,JFK,10:27,7,10,5,10,27,2,B6,16,N328JB,8:10,8,5,2022.0,early,9:20,5.0,9,5,10,20,1.0,1
3938,9E,2023-11-26,4844,N232PQ,15:00,15,6,2023,latter,JFK,16:31,-26,16,6,00,31,0,B6,116,N324JB,14:14,14,6,2023.0,early,15:35,31.0,15,6,14,35,2.0,1
3950,9E,2022-11-27,5202,N921XJ,9:10,9,6,2022,latter,JFK,10:27,-8,10,6,10,27,0,B6,16,N236JB,8:10,8,6,2022.0,early,9:20,-10.0,9,6,10,20,0.0,1
3953,9E,2023-11-27,4844,N135EV,15:00,15,0,2023,latter,JFK,16:31,-22,16,0,00,31,0,B6,116,N266JB,14:15,14,0,2023.0,early,15:35,22.0,15,0,15,35,2.0,1
3965,9E,2022-11-28,5202,N606LR,9:10,9,0,2022,latter,JFK,10:27,20,10,0,10,27,2,B6,16,N373JB,8:10,8,0,2022.0,early,9:20,94.0,9,0,10,20,2.0,1
3968,9E,2023-11-28,4844,N932XJ,15:00,15,1,2023,latter,JFK,16:31,131,16,1,00,31,2,B6,116,N239JB,14:00,14,1,2023.0,early,15:21,15.0,15,1,00,21,2.0,1
3980,9E,2022-11-29,5202,N582CA,9:00,9,1,2022,latter,JFK,10:25,-20,10,1,00,25,0,B6,16,N348JB,8:10,8,1,2022.0,early,9:20,0.0,9,1,10,20,1.0,1
3983,9E,2023-11-29,4844,N136EV,15:00,15,2,2023,latter,JFK,16:31,-32,16,2,00,31,0,B6,116,N258JB,14:00,14,2,2023.0,early,15:21,-21.0,15,2,00,21,0.0,1
3995,9E,2022-11-30,5202,N676CA,9:00,9,2,2022,latter,JFK,10:25,-19,10,2,00,25,0,B6,16,N184JB,8:10,8,2,2022.0,early,9:20,12.0,9,2,10,20,2.0,1
3998,9E,2023-11-30,4844,N138EV,15:00,15,3,2023,latter,JFK,16:31,-32,16,3,00,31,0,B6,116,N368JB,14:00,14,3,2023.0,early,15:21,-26.0,15,3,00,21,0.0,1
4013,9E,2023-12-01,4844,N604LR,15:00,15,4,2023,latter,JFK,16:31,-20,16,4,00,31,0,B6,116,N328JB,14:00,14,4,2023.0,early,15:21,2.0,15,4,00,21,1.0,1
4028,9E,2023-12-02,4844,N601LR,15:00,15,5,2023,latter,JFK,16:31,-20,16,5,00,31,0,B6,116,N229JB,14:00,14,5,2023.0,early,15:21,-12.0,15,5,00,21,0.0,1
4040,9E,2022-12-03,5202,N302PQ,9:50,9,5,2022,latter,JFK,11:14,-6,11,5,50,14,0,B6,16,N368JB,8:10,8,5,2022.0,early,9:20,-9.0,9,5,10,20,0.0,1
4043,9E,2023-12-03,4844,N316PQ,15:00,15,6,2023,latter,JFK,16:31,11,16,6,00,31,2,B6,116,N229JB,14:00,14,6,2023.0,early,15:21,-19.0,15,6,00,21,0.0,1
4058,9E,2023-12-04,4844,N183GJ,15:00,15,0,2023,latter,JFK,16:31,-28,16,0,00,31,0,B6,116,N306JB,14:00,14,0,2023.0,early,15:21,-20.0,15,0,00,21,0.0,1
4073,9E,2023-12-05,4844,N538CA,15:00,15,1,2023,latter,JFK,16:31,-5,16,1,00,31,1,B6,116,N206JB,14:00,14,1,2023.0,early,15:21,-5.0,15,1,00,21,1.0,1
4088,9E,2023-12-06,4844,N929XJ,15:00,15,2,2023,latter,JFK,16:31,-25,16,2,00,31,0,B6,116,N279JB,14:00,14,2,2023.0,early,15:21,-17.0,15,2,00,21,0.0,1
4145,9E,2022-12-10,5202,N138EV,9:50,9,5,2022,latter,JFK,11:14,-26,11,5,50,14,0,B6,16,N351JB,8:10,8,5,2022.0,early,9:20,22.0,9,5,10,20,2.0,1
4250,9E,2022-12-17,5202,N311PQ,9:50,9,5,2022,latter,JFK,11:14,-4,11,5,50,14,1,B6,16,N198JB,8:10,8,5,2022.0,early,9:20,75.0,9,5,10,20,2.0,1
4265,9E,2022-12-18,5202,N134EV,9:50,9,6,2022,latter,JFK,11:14,9,11,6,50,14,2,B6,16,N337JB,8:10,8,6,2022.0,early,9:20,28.0,9,6,10,20,2.0,1
4280,9E,2022-12-19,5202,N927XJ,9:50,9,0,2022,latter,JFK,11:14,84,11,0,50,14,2,B6,16,N337JB,8:10,8,0,2022.0,early,9:20,36.0,9,0,10,20,2.0,1
4295,9E,2022-12-20,5202,N331PQ,9:50,9,1,2022,latter,JFK,11:14,-14,11,1,50,14,0,B6,16,N231JB,8:10,8,1,2022.0,early,9:20,-16.0,9,1,10,20,0.0,1
4310,9E,2022-12-21,5202,N913XJ,9:50,9,2,2022,latter,JFK,11:14,-3,11,2,50,14,1,B6,16,N339JB,8:10,8,2,2022.0,early,9:20,7.0,9,2,10,20,2.0,1
4325,9E,2022-12-22,5202,N181PQ,9:50,9,3,2022,latter,JFK,11:14,-3,11,3,50,14,1,B6,16,N197JB,8:10,8,3,2022.0,early,9:20,5.0,9,3,10,20,1.0,1
4340,9E,2022-12-23,5202,N491PX,9:50,9,4,2022,latter,JFK,11:14,18,11,4,50,14,2,B6,16,N354JB,8:10,8,4,2022.0,early,9:20,36.0,9,4,10,20,2.0,1
4358,9E,2023-12-26,4946,N695CA,15:50,15,1,2023,latter,JFK,17:28,-32,17,1,50,28,0,B6,116,N281JB,14:22,14,1,2023.0,early,15:40,38.0,15,1,22,40,2.0,1
4364,9E,2023-12-27,4946,N325PQ,15:50,15,2,2023,latter,JFK,17:28,-32,17,2,50,28,0,B6,116,N339JB,14:22,14,2,2023.0,early,15:40,-20.0,15,2,22,40,0.0,1
4370,9E,2023-12-28,4946,N910XJ,15:50,15,3,2023,latter,JFK,17:28,-31,17,3,50,28,0,B6,116,N229JB,14:22,14,3,2023.0,early,15:40,-11.0,15,3,22,40,0.0,1
4376,9E,2023-12-29,4946,N299PQ,15:50,15,4,2023,latter,JFK,17:28,-38,17,4,50,28,0,B6,116,N307JB,14:22,14,4,2023.0,early,15:40,-28.0,15,4,22,40,0.0,1
4382,9E,2023-12-30,4946,N299PQ,15:50,15,5,2023,latter,JFK,17:28,-28,17,5,50,28,0,B6,116,N354JB,14:22,14,5,2023.0,early,15:40,-9.0,15,5,22,40,0.0,1
4401,WN,2022-02-19,3479,N8524Z,12:00,12,5,2022,latter,MCO,14:45,-10,14,5,00,45,0,B6,656,N570JB,11:15,11,5,2022.0,early,14:00,112.0,14,5,15,00,2.0,1
4404,WN,2022-02-26,3479,N8803L,12:00,12,5,2022,latter,MCO,14:45,26,14,5,00,45,2,B6,656,N593JB,11:15,11,5,2022.0,early,14:00,64.0,14,5,15,00,2.0,1
4406,WN,2022-03-05,3479,N8620H,12:00,12,5,2022,latter,MCO,14:45,-14,14,5,00,45,0,B6,656,N591JB,11:15,11,5,2022.0,early,14:00,194.0,14,5,15,00,2.0,1
4460,WN,2022-09-10,3057,N462WN,12:15,12,5,2022,latter,MCO,14:55,-23,14,5,15,55,0,B6,656,N266JB,11:00,11,5,2022.0,early,13:42,-20.0,13,5,00,42,0.0,1
4462,WN,2022-09-17,3057,N922WN,12:15,12,5,2022,latter,MCO,14:55,20,14,5,15,55,2,B6,656,N273JB,11:00,11,5,2022.0,early,13:42,-14.0,13,5,00,42,0.0,1
4464,WN,2022-09-24,3057,N566WN,12:15,12,5,2022,latter,MCO,14:55,-15,14,5,15,55,0,B6,656,N281JB,11:00,11,5,2022.0,early,13:42,-18.0,13,5,00,42,0.0,1
4466,WN,2022-10-01,3057,N272WN,12:15,12,5,2022,latter,MCO,14:55,-18,14,5,15,55,0,B6,656,N284JB,11:00,11,5,2022.0,early,13:42,26.0,13,5,00,42,2.0,1
