,Carrier_Code,Date,Flight_Number,Tail_Number,Destination_Airport,Scheduled departure time,Actual departure time,Scheduled elapsed time (Minutes),Actual elapsed time (Minutes),Departure delay (Minutes),Wheels-off time,Taxi-Out time (Minutes),dep_Delay_Carrier,dep_Delay_Weather,dep_Delay_National_Aviation_System,dep_Delay_Security,dep_Delay_Late_Aircraft_Arrival,dep_hour,dep_day,dep_year,dep_order,Origin_Airport,Scheduled Arrival Time,Actual Arrival Time,Arrival Delay (Minutes),Wheels-on Time,Taxi-In time (Minutes),arr_Delay_Carrier,arr_Delay_Weather,arr_Delay_National_Aviation_System,arr_Delay_Security,arr_Delay_Late_Aircraft_Arrival,arr_hour,arr_day,arr_year
0,UA,2023-01-01,2645,N23721,SYR,21:10,21:07,107,100,-3,21:27,20,0,0,0,0,0,21,6,2023,early,ORD,23:57,23:47,-10,23:41,6,0,0,0,0,0,23,6,2023
1,UA,2023-01-02,1998,N802UA,SYR,18:14,18:17,113,89,3,18:34,17,0,0,0,0,0,18,0,2023,early,ORD,21:07,20:46,-21,20:43,3,0,0,0,0,0,21,0,2023
2,UA,2023-01-03,1998,N854UA,SYR,18:14,18:13,113,111,-1,18:44,31,0,0,0,0,0,18,1,2023,early,ORD,21:07,21:04,-3,20:58,6,0,0,0,0,0,21,1,2023
3,UA,2023-01-04,1998,N893UA,SYR,18:24,18:41,113,110,17,19:14,33,0,0,0,0,0,18,2,2023,early,ORD,21:17,21:31,14,21:26,5,0,0,0,0,0,21,2,2023
4,UA,2023-01-05,1998,N853UA,SYR,18:24,18:25,113,112,1,18:48,23,0,0,0,0,0,18,3,2023,early,ORD,21:17,21:17,0,21:11,6,0,0,0,0,0,21,3,2023
5,UA,2023-01-06,1998,N850UA,SYR,18:24,18:24,113,119,0,18:55,31,0,0,0,0,0,18,4,2023,early,ORD,21:17,21:23,6,21:18,5,0,0,0,0,0,21,4,2023
6,UA,2023-01-07,1998,N892UA,SYR,18:24,19:11,113,105,47,19:25,14,0,0,0,0,39,18,5,2023,early,ORD,21:17,21:56,39,21:50,6,0,0,0,0,39,21,5,2023
7,UA,2023-01-08,1998,N414UA,SYR,18:24,18:20,113,105,-4,18:41,21,0,0,0,0,0,18,6,2023,early,ORD,21:17,21:05,-12,21:00,5,0,0,0,0,0,21,6,2023
8,UA,2023-01-09,1998,N802UA,SYR,18:24,18:17,113,104,-7,18:36,19,0,0,0,0,0,18,0,2023,early,ORD,21:17,21:01,-16,20:57,4,0,0,0,0,0,21,0,2023
9,UA,2023-01-10,1036,N78285,SYR,18:45,18:37,113,107,-8,19:01,24,0,0,0,0,0,18,1,2023,early,ORD,21:38,21:24,-14,21:17,7,0,0,0,0,0,21,1,2023
10,UA,2023-01-10,1998,N463UA,SYR,18:24,18:17,113,108,-7,18:38,21,0,0,0,0,0,18,1,2023,early,ORD,21:17,21:05,-12,21:00,5,0,0,0,0,0,21,1,2023
11,UA,2023-01-11,1998,N872UA,SYR,18:24,18:34,113,91,10,18:49,15,0,0,0,0,0,18,2,2023,early,ORD,21:17,21:05,-12,21:02,3,0,0,0,0,0,21,2,2023
12,UA,2023-01-12,1998,N873UA,SYR,18:24,18:23,113,107,-1,18:50,27,0,0,0,0,0,18,3,2023,early,ORD,21:17,21:10,-7,21:06,4,0,0,0,0,0,21,3,2023
13,UA,2023-01-13,1998,N455UA,SYR,18:24,18:21,113,118,-3,18:43,22,0,0,0,0,0,18,4,2023,early,ORD,21:17,21:19,2,21:12,7,0,0,0,0,0,21,4,2023
14,UA,2023-01-14,1998,N851UA,SYR,18:24,19:42,113,103,78,19:54,12,0,0,0,0,68,18,5,2023,early,ORD,21:17,22:25,68,22:21,4,0,0,0,0,68,21,5,2023
15,UA,2023-01-15,1998,N877UA,SYR,18:24,19:37,113,140,73,20:29,52,0,0,27,0,73,18,6,2023,early,ORD,21:17,22:57,100,22:52,5,0,0,27,0,73,21,6,2023
16,UA,2023-01-16,1998,N462UA,SYR,18:24,18:17,113,137,-7,19:15,58,0,0,17,0,0,18,0,2023,early,ORD,21:17,21:34,17,21:30,4,0,0,17,0,0,21,0,2023
17,UA,2023-01-17,1998,N820UA,SYR,18:24,18:30,113,112,6,18:54,24,0,0,0,0,0,18,1,2023,early,ORD,21:17,21:22,5,21:18,4,0,0,0,0,0,21,1,2023
18,UA,2023-01-18,1998,N810UA,SYR,18:24,18:21,113,108,-3,18:47,26,0,0,0,0,0,18,2,2023,early,ORD,21:17,21:09,-8,21:05,4,0,0,0,0,0,21,2,2023
19,UA,2023-01-19,1998,N844UA,SYR,18:24,18:27,113,108,3,18:54,27,0,0,0,0,0,18,3,2023,early,ORD,21:17,21:15,-2,21:09,6,0,0,0,0,0,21,3,2023
20,UA,2023-01-20,1998,N884UA,SYR,18:24,18:22,113,106,-2,18:39,17,0,0,0,0,0,18,4,2023,early,ORD,21:17,21:08,-9,21:02,6,0,0,0,0,0,21,4,2023
21,UA,2023-01-21,1998,N846UA,SYR,18:24,18:22,113,107,-2,18:45,23,0,0,0,0,0,18,5,2023,early,ORD,21:17,21:09,-8,21:04,5,0,0,0,0,0,21,5,2023
22,UA,2023-01-22,1998,N835UA,SYR,18:24,18:22,113,99,-2,18:42,20,0,0,0,0,0,18,6,2023,early,ORD,21:17,21:01,-16,20:56,5,0,0,0,0,0,21,6,2023
23,UA,2023-01-23,1998,N873UA,SYR,18:24,18:33,113,101,9,18:48,15,0,0,0,0,0,18,0,2023,early,ORD,21:17,21:14,-3,21:09,5,0,0,0,0,0,21,0,2023
24,UA,2023-01-24,1998,N851UA,SYR,18:24,18:20,113,104,-4,18:44,24,0,0,0,0,0,18,1,2023,early,ORD,21:17,21:04,-13,21:00,4,0,0,0,0,0,21,1,2023
25,UA,2023-01-25,1998,N802UA,SYR,18:24,18:23,113,126,-1,19:08,45,0,0,0,0,0,18,2,2023,early,ORD,21:17,21:29,12,21:25,4,0,0,0,0,0,21,2,2023
26,UA,2023-01-26,1998,N811UA,SYR,18:24,18:39,113,114,15,19:04,25,15,0,1,0,0,18,3,2023,early,ORD,21:17,21:33,16,21:26,7,15,0,1,0,0,21,3,2023
27,UA,2023-01-27,1998,N842UA,SYR,18:24,18:30,113,106,6,18:57,27,0,0,0,0,0,18,4,2023,early,ORD,21:17,21:16,-1,21:10,6,0,0,0,0,0,21,4,2023
28,UA,2023-01-28,1998,N473UA,SYR,18:24,18:29,113,98,5,18:52,23,0,0,0,0,0,18,5,2023,early,ORD,21:17,21:07,-10,21:01,6,0,0,0,0,0,21,5,2023
29,UA,2023-01-29,1998,N893UA,SYR,18:24,18:26,113,109,2,18:56,30,0,0,0,0,0,18,6,2023,early,ORD,21:17,21:15,-2,21:11,4,0,0,0,0,0,21,6,2023
30,UA,2023-01-30,1998,N836UA,SYR,18:24,18:38,113,103,14,19:02,24,0,0,0,0,0,18,0,2023,early,ORD,21:17,21:21,4,21:16,5,0,0,0,0,0,21,0,2023
31,UA,2023-01-31,1998,N808UA,SYR,18:24,18:15,113,97,-9,18:37,22,0,0,0,0,0,18,1,2023,early,ORD,21:17,20:52,-25,20:48,4,0,0,0,0,0,21,1,2023
32,UA,2023-02-01,1998,N876UA,SYR,18:24,18:26,113,103,2,18:54,28,0,0,0,0,0,18,2,2023,early,ORD,21:17,21:09,-8,21:04,5,0,0,0,0,0,21,2,2023
33,UA,2023-02-02,1998,N895UA,SYR,18:24,18:15,113,114,-9,18:47,32,0,0,0,0,0,18,3,2023,early,ORD,21:17,21:09,-8,21:04,5,0,0,0,0,0,21,3,2023
34,UA,2023-02-03,1998,N899UA,SYR,18:24,19:00,113,111,36,19:20,20,0,34,0,0,0,18,4,2023,early,ORD,21:17,21:51,34,21:44,7,0,34,0,0,0,21,4,2023
35,UA,2023-02-04,1998,N820UA,SYR,18:24,18:17,113,102,-7,18:38,21,0,0,0,0,0,18,5,2023,early,ORD,21:17,20:59,-18,20:52,7,0,0,0,0,0,21,5,2023
36,UA,2023-02-05,1998,N877UA,SYR,18:24,18:29,113,95,5,18:42,13,0,0,0,0,0,18,6,2023,early,ORD,21:17,21:04,-13,21:00,4,0,0,0,0,0,21,6,2023
37,UA,2023-02-06,1998,N875UA,SYR,18:24,18:12,113,116,-12,18:46,34,0,0,0,0,0,18,0,2023,early,ORD,21:17,21:08,-9,21:03,5,0,0,0,0,0,21,0,2023
38,UA,2023-02-07,1998,N803UA,SYR,18:24,18:18,113,101,-6,18:35,17,0,0,0,0,0,18,1,2023,early,ORD,21:17,20:59,-18,20:53,6,0,0,0,0,0,21,1,2023
39,UA,2023-02-08,1998,N846UA,SYR,18:24,18:10,113,115,-14,18:47,37,0,0,0,0,0,18,2,2023,early,ORD,21:17,21:05,-12,21:00,5,0,0,0,0,0,21,2,2023
40,UA,2023-02-09,1998,N828UA,SYR,18:24,18:32,113,111,8,18:51,19,0,0,0,0,0,18,3,2023,early,ORD,21:17,21:23,6,21:18,5,0,0,0,0,0,21,3,2023
41,UA,2023-02-10,1693,N895UA,SYR,13:57,13:53,106,107,-4,14:17,24,0,0,0,0,0,13,4,2023,early,ORD,16:43,16:40,-3,16:34,6,0,0,0,0,0,16,4,2023
42,UA,2023-02-10,1998,N896UA,SYR,18:19,18:14,109,107,-5,18:37,23,0,0,0,0,0,18,4,2023,early,ORD,21:08,21:01,-7,20:56,5,0,0,0,0,0,21,4,2023
43,UA,2023-02-11,454,N15712,SYR,21:05,21:04,114,113,-1,21:21,17,0,0,0,0,0,21,5,2023,early,ORD,23:59,23:57,-2,23:40,17,0,0,0,0,0,23,5,2023
44,UA,2023-02-11,1693,N407UA,SYR,13:57,14:02,106,102,5,14:16,14,0,0,0,0,0,13,5,2023,early,ORD,16:43,16:44,1,16:39,5,0,0,0,0,0,16,5,2023
45,UA,2023-02-12,1693,N854UA,SYR,13:57,13:48,106,96,-9,13:59,11,0,0,0,0,0,13,6,2023,early,ORD,16:43,16:24,-19,16:19,5,0,0,0,0,0,16,6,2023
46,UA,2023-02-12,1998,N429UA,SYR,18:19,18:13,109,94,-6,18:28,15,0,0,0,0,0,18,6,2023,early,ORD,21:08,20:47,-21,20:42,5,0,0,0,0,0,21,6,2023
47,UA,2023-02-13,1998,N820UA,SYR,18:19,18:17,109,118,-2,18:50,33,0,0,0,0,0,18,0,2023,early,ORD,21:08,21:15,7,21:09,6,0,0,0,0,0,21,0,2023
48,UA,2023-02-14,1693,N836UA,SYR,13:57,14:17,106,117,20,14:56,39,20,0,11,0,0,13,1,2023,early,ORD,16:43,17:14,31,17:08,6,20,0,11,0,0,16,1,2023
49,UA,2023-02-14,1998,N889UA,SYR,18:19,18:14,109,159,-5,19:36,82,0,0,45,0,0,18,1,2023,early,ORD,21:08,21:53,45,21:48,5,0,0,45,0,0,21,1,2023
50,UA,2023-02-15,1693,N806UA,SYR,13:57,13:55,106,102,-2,14:10,15,0,0,0,0,0,13,2,2023,early,ORD,16:43,16:37,-6,16:22,15,0,0,0,0,0,16,2,2023
51,UA,2023-02-15,1998,N834UA,SYR,18:19,18:35,109,91,16,18:56,21,0,0,0,0,0,18,2,2023,early,ORD,21:08,21:06,-2,21:03,3,0,0,0,0,0,21,2,2023
52,UA,2023-02-16,1693,N497UA,SYR,13:57,14:35,106,112,38,15:14,39,0,38,6,0,0,13,3,2023,early,ORD,16:43,17:27,44,17:22,5,0,38,6,0,0,16,3,2023
53,UA,2023-02-16,1998,N834UA,SYR,18:19,18:55,109,89,36,19:12,17,16,0,0,0,0,18,3,2023,early,ORD,21:08,21:24,16,21:18,6,16,0,0,0,0,21,3,2023
54,UA,2023-02-17,1693,N871UA,SYR,13:57,13:53,106,102,-4,14:06,13,0,0,0,0,0,13,4,2023,early,ORD,16:43,16:35,-8,16:28,7,0,0,0,0,0,16,4,2023
55,UA,2023-02-17,1998,N405UA,SYR,18:19,18:19,109,114,0,18:44,25,0,0,0,0,0,18,4,2023,early,ORD,21:08,21:13,5,21:07,6,0,0,0,0,0,21,4,2023
56,UA,2023-02-18,454,N14735,SYR,21:05,21:16,114,92,11,21:30,14,0,0,0,0,0,21,5,2023,early,ORD,23:59,23:48,-11,23:41,7,0,0,0,0,0,23,5,2023
57,UA,2023-02-18,1693,N444UA,SYR,13:57,13:52,106,103,-5,14:11,19,0,0,0,0,0,13,5,2023,early,ORD,16:43,16:35,-8,16:29,6,0,0,0,0,0,16,5,2023
58,UA,2023-02-19,1693,N880UA,SYR,13:57,13:57,106,92,0,14:12,15,0,0,0,0,0,13,6,2023,early,ORD,16:43,16:29,-14,16:25,4,0,0,0,0,0,16,6,2023
59,UA,2023-02-19,1998,N873UA,SYR,18:19,18:18,109,95,-1,18:38,20,0,0,0,0,0,18,6,2023,early,ORD,21:08,20:53,-15,20:50,3,0,0,0,0,0,21,6,2023
60,UA,2023-02-20,1693,N877UA,SYR,13:57,13:56,106,102,-1,14:17,21,0,0,0,0,0,13,0,2023,early,ORD,16:43,16:38,-5,16:33,5,0,0,0,0,0,16,0,2023
61,UA,2023-02-20,1998,N815UA,SYR,18:19,18:14,109,98,-5,18:31,17,0,0,0,0,0,18,0,2023,early,ORD,21:08,20:52,-16,20:45,7,0,0,0,0,0,21,0,2023
62,UA,2023-02-21,1693,N882UA,SYR,13:57,13:53,106,101,-4,14:08,15,0,0,0,0,0,13,1,2023,early,ORD,16:43,16:34,-9,16:23,11,0,0,0,0,0,16,1,2023
63,UA,2023-02-21,1998,N880UA,SYR,18:19,18:40,109,97,21,19:01,21,0,0,0,0,0,18,1,2023,early,ORD,21:08,21:17,9,21:12,5,0,0,0,0,0,21,1,2023
64,UA,2023-02-22,1693,N823UA,SYR,13:57,15:23,106,100,86,15:46,23,75,0,0,0,5,13,2,2023,early,ORD,16:43,18:03,80,17:58,5,75,0,0,0,5,16,2,2023
65,UA,2023-02-22,1998,N882UA,SYR,18:19,20:14,109,109,115,20:47,33,25,0,0,0,90,18,2,2023,early,ORD,21:08,23:03,115,22:57,6,25,0,0,0,90,21,2,2023
66,UA,2023-02-23,1693,N884UA,SYR,13:57,13:57,106,90,0,14:07,10,0,0,0,0,0,13,3,2023,early,ORD,16:43,16:27,-16,16:20,7,0,0,0,0,0,16,3,2023
67,UA,2023-02-23,1998,N890UA,SYR,18:19,18:14,109,101,-5,18:41,27,0,0,0,0,0,18,3,2023,early,ORD,21:08,20:55,-13,20:51,4,0,0,0,0,0,21,3,2023
68,UA,2023-02-24,1693,N837UA,SYR,13:57,14:42,106,122,45,14:57,15,0,0,16,0,45,13,4,2023,early,ORD,16:43,17:44,61,17:08,36,0,0,16,0,45,16,4,2023
69,UA,2023-02-24,1998,N846UA,SYR,18:19,18:28,109,113,9,19:01,33,0,0,0,0,0,18,4,2023,early,ORD,21:08,21:21,13,21:13,8,0,0,0,0,0,21,4,2023
70,UA,2023-02-25,454,N24211,SYR,21:15,21:21,114,88,6,21:37,16,0,0,0,0,0,21,5,2023,early,ORD,0:09,23:49,-20,23:43,6,0,0,0,0,0,0,5,2023
71,UA,2023-02-25,1693,N486UA,SYR,13:57,13:58,106,182,1,14:35,37,0,0,77,0,0,13,5,2023,early,ORD,16:43,18:00,77,16:48,72,0,0,77,0,0,16,5,2023
72,UA,2023-02-26,1693,N881UA,SYR,13:57,13:52,106,98,-5,14:11,19,0,0,0,0,0,13,6,2023,early,ORD,16:43,16:30,-13,16:26,4,0,0,0,0,0,16,6,2023
73,UA,2023-02-26,1998,N829UA,SYR,18:19,18:12,109,111,-7,18:40,28,0,0,0,0,0,18,6,2023,early,ORD,21:08,21:03,-5,20:57,6,0,0,0,0,0,21,6,2023
74,UA,2023-02-27,1693,N851UA,SYR,13:57,14:20,106,94,23,14:35,15,0,0,0,0,0,13,0,2023,early,ORD,16:43,16:54,11,16:50,4,0,0,0,0,0,16,0,2023
75,UA,2023-02-27,1998,N418UA,SYR,18:19,18:15,109,104,-4,18:39,24,0,0,0,0,0,18,0,2023,early,ORD,21:08,20:59,-9,20:54,5,0,0,0,0,0,21,0,2023
76,UA,2023-02-28,1693,N37263,SYR,13:57,14:10,106,94,13,14:25,15,0,0,0,0,0,13,1,2023,early,ORD,16:43,16:44,1,16:39,5,0,0,0,0,0,16,1,2023
77,UA,2023-02-28,1998,N853UA,SYR,18:19,18:15,109,97,-4,18:33,18,0,0,0,0,0,18,1,2023,early,ORD,21:08,20:52,-16,20:47,5,0,0,0,0,0,21,1,2023
78,UA,2023-03-01,1693,N446UA,SYR,13:57,14:06,106,91,9,14:24,18,0,0,0,0,0,13,2,2023,early,ORD,16:43,16:37,-6,16:32,5,0,0,0,0,0,16,2,2023
79,UA,2023-03-01,1998,N815UA,SYR,18:19,18:15,109,89,-4,18:35,20,0,0,0,0,0,18,2,2023,early,ORD,21:08,20:44,-24,20:40,4,0,0,0,0,0,21,2,2023
80,UA,2023-03-02,1693,N409UA,SYR,13:57,14:10,106,93,13,14:26,16,0,0,0,0,0,13,3,2023,early,ORD,16:43,16:43,0,16:37,6,0,0,0,0,0,16,3,2023
81,UA,2023-03-02,1998,N840UA,SYR,18:19,18:16,109,96,-3,18:33,17,0,0,0,0,0,18,3,2023,early,ORD,21:08,20:52,-16,20:43,9,0,0,0,0,0,21,3,2023
82,UA,2023-03-03,538,,SYR,18:29,0:00,107,0,0,0:00,0,0,0,0,0,0,18,4,2023,early,ORD,21:16,0:00,0,0:00,0,0,0,0,0,0,21,4,2023
83,UA,2023-03-04,408,N895UA,SYR,21:05,21:14,110,100,9,21:31,17,0,0,0,0,0,21,5,2023,early,ORD,23:55,23:54,-1,23:47,7,0,0,0,0,0,23,5,2023
84,UA,2023-03-05,408,N481UA,SYR,21:05,21:01,110,95,-4,21:16,15,0,0,0,0,0,21,6,2023,early,ORD,23:55,23:36,-19,23:31,5,0,0,0,0,0,23,6,2023
85,UA,2023-03-06,538,N802UA,SYR,18:29,18:24,108,88,-5,18:37,13,0,0,0,0,0,18,0,2023,early,ORD,21:17,20:52,-25,20:48,4,0,0,0,0,0,21,0,2023
86,UA,2023-03-07,538,N878UA,SYR,18:29,18:21,108,100,-8,18:43,22,0,0,0,0,0,18,1,2023,early,ORD,21:17,21:01,-16,20:58,3,0,0,0,0,0,21,1,2023
87,UA,2023-03-08,538,N896UA,SYR,18:29,18:34,108,113,5,19:07,33,0,0,0,0,0,18,2,2023,early,ORD,21:17,21:27,10,21:21,6,0,0,0,0,0,21,2,2023
88,UA,2023-03-09,538,N893UA,SYR,18:29,18:26,108,117,-3,19:00,34,0,0,0,0,0,18,3,2023,early,ORD,21:17,21:23,6,21:17,6,0,0,0,0,0,21,3,2023
89,UA,2023-03-10,538,N16701,SYR,18:29,19:21,107,93,52,19:34,13,1,0,0,0,37,18,4,2023,early,ORD,21:16,21:54,38,21:48,6,1,0,0,0,37,21,4,2023
90,UA,2023-03-11,408,N36476,SYR,21:05,21:03,109,102,-2,21:21,18,0,0,0,0,0,21,5,2023,early,ORD,23:54,23:45,-9,23:40,5,0,0,0,0,0,23,5,2023
91,UA,2023-03-12,408,N476UA,SYR,21:05,21:15,110,102,10,21:38,23,0,0,0,0,0,21,6,2023,early,ORD,23:55,23:57,2,23:53,4,0,0,0,0,0,23,6,2023
92,UA,2023-03-13,538,N845UA,SYR,18:29,18:35,108,102,6,18:50,15,0,0,0,0,0,18,0,2023,early,ORD,21:17,21:17,0,21:13,4,0,0,0,0,0,21,0,2023
93,UA,2023-03-14,538,,SYR,18:29,0:00,108,0,0,0:00,0,0,0,0,0,0,18,1,2023,early,ORD,21:17,0:00,0,0:00,0,0,0,0,0,0,21,1,2023
94,UA,2023-03-15,538,N809UA,SYR,18:29,19:36,108,103,67,19:52,16,0,0,0,0,62,18,2,2023,early,ORD,21:17,22:19,62,22:14,5,0,0,0,0,62,21,2,2023
95,UA,2023-03-16,538,N832UA,SYR,18:29,18:15,108,111,-14,18:44,29,0,0,0,0,0,18,3,2023,early,ORD,21:17,21:06,-11,21:01,5,0,0,0,0,0,21,3,2023
96,UA,2023-03-17,538,N37470,SYR,18:29,18:42,107,99,13,19:01,19,0,0,0,0,0,18,4,2023,early,ORD,21:16,21:21,5,21:15,6,0,0,0,0,0,21,4,2023
97,UA,2023-03-18,408,N460UA,SYR,21:05,21:25,110,105,20,21:42,17,6,0,0,0,9,21,5,2023,early,ORD,23:55,0:10,15,0:01,9,6,0,0,0,9,23,5,2023
98,UA,2023-03-19,408,N460UA,SYR,21:05,20:58,110,102,-7,21:16,18,0,0,0,0,0,21,6,2023,early,ORD,23:55,23:40,-15,23:33,7,0,0,0,0,0,23,6,2023
99,UA,2023-03-20,538,N849UA,SYR,18:29,18:29,108,101,0,18:47,18,0,0,0,0,0,18,0,2023,early,ORD,21:17,21:10,-7,21:06,4,0,0,0,0,0,21,0,2023
100,UA,2023-03-21,538,N808UA,SYR,18:29,18:28,108,108,-1,18:53,25,0,0,0,0,0,18,1,2023,early,ORD,21:17,21:16,-1,21:11,5,0,0,0,0,0,21,1,2023
101,UA,2023-03-22,538,N819UA,SYR,18:29,18:40,108,97,11,18:59,19,0,0,0,0,0,18,2,2023,early,ORD,21:17,21:17,0,21:12,5,0,0,0,0,0,21,2,2023
102,UA,2023-03-23,538,N817UA,SYR,18:29,18:20,108,98,-9,18:36,16,0,0,0,0,0,18,3,2023,early,ORD,21:17,20:58,-19,20:53,5,0,0,0,0,0,21,3,2023
103,UA,2023-03-24,538,N17719,SYR,18:29,18:23,107,103,-6,18:49,26,0,0,0,0,0,18,4,2023,early,ORD,21:16,21:06,-10,21:01,5,0,0,0,0,0,21,4,2023
104,UA,2023-03-25,408,N39475,SYR,21:05,22:14,109,100,69,22:30,16,45,0,0,0,15,21,5,2023,early,ORD,23:54,0:54,60,0:48,6,45,0,0,0,15,23,5,2023
105,UA,2023-03-26,538,N855UA,SYR,18:40,18:40,114,101,0,19:04,24,0,0,0,0,0,18,6,2023,early,ORD,21:34,21:21,-13,21:17,4,0,0,0,0,0,21,6,2023
106,UA,2023-03-27,538,N802UA,SYR,18:40,18:36,114,103,-4,19:06,30,0,0,0,0,0,18,0,2023,early,ORD,21:34,21:19,-15,21:16,3,0,0,0,0,0,21,0,2023
107,UA,2023-03-28,538,N443UA,SYR,18:40,18:36,114,99,-4,18:51,15,0,0,0,0,0,18,1,2023,early,ORD,21:34,21:15,-19,21:11,4,0,0,0,0,0,21,1,2023
108,UA,2023-03-29,538,N836UA,SYR,18:40,19:10,114,98,30,19:30,20,0,0,0,0,0,18,2,2023,early,ORD,21:34,21:48,14,21:41,7,0,0,0,0,0,21,2,2023
109,UA,2023-03-30,538,N882UA,SYR,18:40,18:36,114,95,-4,18:52,16,0,0,0,0,0,18,3,2023,early,ORD,21:34,21:11,-23,21:06,5,0,0,0,0,0,21,3,2023
110,UA,2023-03-31,538,N27239,SYR,18:40,1:19,114,96,399,1:35,16,59,0,0,0,322,18,4,2023,early,ORD,21:34,3:55,381,3:50,5,59,0,0,0,322,21,4,2023
111,UA,2023-04-01,538,N805UA,SYR,18:40,18:53,114,102,13,19:05,12,0,0,0,0,0,18,5,2023,early,ORD,21:34,21:35,1,21:29,6,0,0,0,0,0,21,5,2023
112,UA,2023-04-02,538,N819UA,SYR,18:40,19:08,114,89,28,19:21,13,0,0,0,0,0,18,6,2023,early,ORD,21:34,21:37,3,21:33,4,0,0,0,0,0,21,6,2023
113,UA,2023-04-03,538,N881UA,SYR,18:40,18:33,114,119,-7,19:09,36,0,0,0,0,0,18,0,2023,early,ORD,21:34,21:32,-2,21:26,6,0,0,0,0,0,21,0,2023
114,UA,2023-04-04,538,N827UA,SYR,18:40,18:56,114,106,16,19:24,28,0,0,0,0,0,18,1,2023,early,ORD,21:34,21:42,8,21:37,5,0,0,0,0,0,21,1,2023
115,UA,2023-04-05,538,N817UA,SYR,18:40,22:53,114,88,253,23:07,14,0,0,0,0,227,18,2,2023,early,ORD,21:34,1:21,227,1:17,4,0,0,0,0,227,21,2,2023
116,UA,2023-04-06,538,N899UA,SYR,18:40,18:41,114,103,1,19:04,23,0,0,0,0,0,18,3,2023,early,ORD,21:34,21:24,-10,21:18,6,0,0,0,0,0,21,3,2023
117,UA,2023-04-07,538,N24212,SYR,18:40,18:43,114,105,3,19:08,25,0,0,0,0,0,18,4,2023,early,ORD,21:34,21:28,-6,21:21,7,0,0,0,0,0,21,4,2023
118,UA,2023-04-08,538,N820UA,SYR,18:40,18:33,114,106,-7,18:57,24,0,0,0,0,0,18,5,2023,early,ORD,21:34,21:19,-15,21:14,5,0,0,0,0,0,21,5,2023
119,UA,2023-04-09,538,N808UA,SYR,18:40,18:36,114,112,-4,18:57,21,0,0,0,0,0,18,6,2023,early,ORD,21:34,21:28,-6,21:23,5,0,0,0,0,0,21,6,2023
120,UA,2023-04-10,538,N851UA,SYR,18:40,18:37,114,106,-3,18:53,16,0,0,0,0,0,18,0,2023,early,ORD,21:34,21:23,-11,21:18,5,0,0,0,0,0,21,0,2023
121,UA,2023-04-11,538,N818UA,SYR,18:40,18:37,114,109,-3,18:57,20,0,0,0,0,0,18,1,2023,early,ORD,21:34,21:26,-8,21:22,4,0,0,0,0,0,21,1,2023
122,UA,2023-04-12,538,N418UA,SYR,18:40,18:38,114,106,-2,18:55,17,0,0,0,0,0,18,2,2023,early,ORD,21:34,21:24,-10,21:19,5,0,0,0,0,0,21,2,2023
123,UA,2023-04-13,538,N458UA,SYR,18:40,18:42,114,104,2,18:59,17,0,0,0,0,0,18,3,2023,early,ORD,21:34,21:26,-8,21:21,5,0,0,0,0,0,21,3,2023
124,UA,2023-04-14,538,N24211,SYR,18:40,18:36,114,101,-4,18:54,18,0,0,0,0,0,18,4,2023,early,ORD,21:34,21:17,-17,21:13,4,0,0,0,0,0,21,4,2023
125,UA,2023-04-15,538,N482UA,SYR,18:40,20:56,114,103,136,21:14,18,12,0,0,0,113,18,5,2023,early,ORD,21:34,23:39,125,23:34,5,12,0,0,0,113,21,5,2023
126,UA,2023-04-16,538,N893UA,SYR,18:40,18:43,114,104,3,19:05,22,0,0,0,0,0,18,6,2023,early,ORD,21:34,21:27,-7,21:22,5,0,0,0,0,0,21,6,2023
127,UA,2023-04-17,538,N875UA,SYR,18:40,18:38,114,99,-2,18:53,15,0,0,0,0,0,18,0,2023,early,ORD,21:34,21:17,-17,21:12,5,0,0,0,0,0,21,0,2023
128,UA,2023-04-18,538,N825UA,SYR,18:40,19:32,114,103,52,19:51,19,1,0,0,0,40,18,1,2023,early,ORD,21:34,22:15,41,22:11,4,1,0,0,0,40,21,1,2023
129,UA,2023-04-19,538,N833UA,SYR,18:40,18:38,114,105,-2,19:02,24,0,0,0,0,0,18,2,2023,early,ORD,21:34,21:23,-11,21:19,4,0,0,0,0,0,21,2,2023
130,UA,2023-04-20,538,N453UA,SYR,18:40,20:38,114,132,118,21:20,42,0,0,18,0,118,18,3,2023,early,ORD,21:34,23:50,136,23:38,12,0,0,18,0,118,21,3,2023
131,UA,2023-04-21,538,N33203,SYR,18:40,18:31,114,109,-9,19:00,29,0,0,0,0,0,18,4,2023,early,ORD,21:34,21:20,-14,21:15,5,0,0,0,0,0,21,4,2023
132,UA,2023-04-22,538,N458UA,SYR,18:40,18:40,114,108,0,18:53,13,0,0,0,0,0,18,5,2023,early,ORD,21:34,21:28,-6,21:16,12,0,0,0,0,0,21,5,2023
133,UA,2023-04-23,538,N897UA,SYR,18:40,19:58,114,105,78,20:17,19,69,0,0,0,0,18,6,2023,early,ORD,21:34,22:43,69,22:37,6,69,0,0,0,0,21,6,2023
134,UA,2023-04-24,538,N827UA,SYR,18:40,18:39,114,96,-1,18:53,14,0,0,0,0,0,18,0,2023,early,ORD,21:34,21:15,-19,21:11,4,0,0,0,0,0,21,0,2023
135,UA,2023-04-25,538,N897UA,SYR,18:40,18:38,114,97,-2,18:54,16,0,0,0,0,0,18,1,2023,early,ORD,21:34,21:15,-19,21:11,4,0,0,0,0,0,21,1,2023
136,UA,2023-04-26,538,N808UA,SYR,18:40,20:14,114,126,94,20:55,41,0,0,12,0,94,18,2,2023,early,ORD,21:34,23:20,106,23:16,4,0,0,12,0,94,21,2,2023
137,UA,2023-04-27,538,N440UA,SYR,18:40,18:35,114,97,-5,18:52,17,0,0,0,0,0,18,3,2023,early,ORD,21:34,21:12,-22,21:05,7,0,0,0,0,0,21,3,2023
138,UA,2023-04-28,538,N37255,SYR,18:40,18:41,114,97,1,18:57,16,0,0,0,0,0,18,4,2023,early,ORD,21:34,21:18,-16,21:13,5,0,0,0,0,0,21,4,2023
139,UA,2023-04-29,538,N804UA,SYR,18:40,19:34,114,107,54,20:00,26,3,0,0,0,44,18,5,2023,early,ORD,21:34,22:21,47,22:15,6,3,0,0,0,44,21,5,2023
140,UA,2023-04-30,538,N815UA,SYR,18:40,18:34,114,107,-6,18:52,18,0,0,0,0,0,18,6,2023,early,ORD,21:34,21:21,-13,21:11,10,0,0,0,0,0,21,6,2023
141,UA,2023-05-01,538,N456UA,SYR,18:40,18:40,114,102,0,18:58,18,0,0,0,0,0,18,0,2023,early,ORD,21:34,21:22,-12,21:18,4,0,0,0,0,0,21,0,2023
142,UA,2023-05-02,538,N433UA,SYR,18:40,18:39,114,103,-1,18:59,20,0,0,0,0,0,18,1,2023,early,ORD,21:34,21:22,-12,21:18,4,0,0,0,0,0,21,1,2023
143,UA,2023-05-03,538,N844UA,SYR,18:40,18:32,114,111,-8,18:52,20,0,0,0,0,0,18,2,2023,early,ORD,21:34,21:23,-11,21:18,5,0,0,0,0,0,21,2,2023
144,UA,2023-05-04,538,N27546,SYR,18:40,18:51,114,108,11,19:09,18,0,0,0,0,0,18,3,2023,early,ORD,21:34,21:39,5,21:34,5,0,0,0,0,0,21,3,2023
145,UA,2023-05-05,538,N68801,SYR,18:18,18:19,111,111,1,18:44,25,0,0,0,0,0,18,4,2023,early,ORD,21:09,21:10,1,21:04,6,0,0,0,0,0,21,4,2023
146,UA,2023-05-06,538,N61881,SYR,18:18,18:22,111,132,4,19:08,46,0,0,25,0,0,18,5,2023,early,ORD,21:09,21:34,25,21:27,7,0,0,25,0,0,21,5,2023
147,UA,2023-05-07,538,N37532,SYR,18:18,18:11,111,115,-7,18:40,29,0,0,0,0,0,18,6,2023,early,ORD,21:09,21:06,-3,21:00,6,0,0,0,0,0,21,6,2023
148,UA,2023-05-08,538,N61881,SYR,18:18,18:14,111,112,-4,18:43,29,0,0,0,0,0,18,0,2023,early,ORD,21:09,21:06,-3,21:02,4,0,0,0,0,0,21,0,2023
149,UA,2023-05-09,538,N75435,SYR,18:18,18:17,111,102,-1,18:37,20,0,0,0,0,0,18,1,2023,early,ORD,21:09,20:59,-10,20:54,5,0,0,0,0,0,21,1,2023
150,UA,2023-05-10,538,N39461,SYR,18:18,18:14,111,113,-4,18:43,29,0,0,0,0,0,18,2,2023,early,ORD,21:09,21:07,-2,21:02,5,0,0,0,0,0,21,2,2023
151,UA,2023-05-11,538,N61882,SYR,18:18,18:45,111,106,27,19:12,27,22,0,0,0,0,18,3,2023,early,ORD,21:09,21:31,22,21:27,4,22,0,0,0,0,21,3,2023
152,UA,2023-05-12,538,N69813,SYR,18:18,18:15,111,120,-3,18:54,39,0,0,0,0,0,18,4,2023,early,ORD,21:09,21:15,6,21:08,7,0,0,0,0,0,21,4,2023
153,UA,2023-05-13,538,N62849,SYR,18:18,18:28,111,111,10,18:56,28,0,0,0,0,0,18,5,2023,early,ORD,21:09,21:19,10,21:12,7,0,0,0,0,0,21,5,2023
154,UA,2023-05-14,538,N63890,SYR,18:18,19:17,111,100,59,19:34,17,0,0,0,0,48,18,6,2023,early,ORD,21:09,21:57,48,21:52,5,0,0,0,0,48,21,6,2023
155,UA,2023-05-15,538,N37437,SYR,18:18,18:53,111,101,35,19:11,18,25,0,0,0,0,18,0,2023,early,ORD,21:09,21:34,25,21:29,5,25,0,0,0,0,21,0,2023
156,UA,2023-05-16,538,N39450,SYR,18:18,18:53,111,94,35,19:08,15,18,0,0,0,0,18,1,2023,early,ORD,21:09,21:27,18,21:22,5,18,0,0,0,0,21,1,2023
157,UA,2023-05-17,538,N37419,SYR,18:18,18:28,111,111,10,18:54,26,0,0,0,0,0,18,2,2023,early,ORD,21:09,21:19,10,21:13,6,0,0,0,0,0,21,2,2023
158,UA,2023-05-18,538,N39463,SYR,18:18,18:16,111,106,-2,18:43,27,0,0,0,0,0,18,3,2023,early,ORD,21:09,21:02,-7,20:57,5,0,0,0,0,0,21,3,2023
159,UA,2023-05-19,538,N67815,SYR,18:18,18:19,111,106,1,18:49,30,0,0,0,0,0,18,4,2023,early,ORD,21:09,21:05,-4,21:01,4,0,0,0,0,0,21,4,2023
160,UA,2023-05-20,538,N39475,SYR,18:18,19:24,111,101,66,19:42,18,5,0,0,0,51,18,5,2023,early,ORD,21:09,22:05,56,21:59,6,5,0,0,0,51,21,5,2023
161,UA,2023-05-21,538,N37541,SYR,18:18,18:14,111,103,-4,18:33,19,0,0,0,0,0,18,6,2023,early,ORD,21:09,20:57,-12,20:52,5,0,0,0,0,0,21,6,2023
162,UA,2023-05-22,538,N69826,SYR,18:18,20:24,111,107,126,20:45,21,3,0,0,0,119,18,0,2023,early,ORD,21:09,23:11,122,23:01,10,3,0,0,0,119,21,0,2023
163,UA,2023-05-23,538,N45440,SYR,18:18,18:30,111,113,12,18:58,28,0,0,0,0,0,18,1,2023,early,ORD,21:09,21:23,14,21:19,4,0,0,0,0,0,21,1,2023
164,UA,2023-05-24,538,N62894,SYR,18:18,18:21,111,100,3,18:39,18,0,0,0,0,0,18,2,2023,early,ORD,21:09,21:01,-8,20:56,5,0,0,0,0,0,21,2,2023
165,UA,2023-05-25,538,N68891,SYR,18:18,18:18,111,127,0,18:53,35,0,0,16,0,0,18,3,2023,early,ORD,21:09,21:25,16,21:20,5,0,0,16,0,0,21,3,2023
166,UA,2023-05-26,538,N68880,SYR,18:18,18:30,111,120,12,19:00,30,12,0,9,0,0,18,4,2023,early,ORD,21:09,21:30,21,21:25,5,12,0,9,0,0,21,4,2023
167,UA,2023-05-27,538,N68452,SYR,18:18,18:14,111,137,-4,19:04,50,0,0,22,0,0,18,5,2023,early,ORD,21:09,21:31,22,21:24,7,0,0,22,0,0,21,5,2023
168,UA,2023-05-28,538,N68811,SYR,18:18,18:11,111,109,-7,18:32,21,0,0,0,0,0,18,6,2023,early,ORD,21:09,21:00,-9,20:54,6,0,0,0,0,0,21,6,2023
169,UA,2023-05-29,538,N37434,SYR,18:18,18:13,111,120,-5,18:49,36,0,0,0,0,0,18,0,2023,early,ORD,21:09,21:13,4,21:08,5,0,0,0,0,0,21,0,2023
170,UA,2023-05-30,538,N62889,SYR,18:18,18:14,111,96,-4,18:29,15,0,0,0,0,0,18,1,2023,early,ORD,21:09,20:50,-19,20:46,4,0,0,0,0,0,21,1,2023
171,UA,2023-05-31,538,N17719,SYR,18:18,18:54,111,144,36,19:49,55,3,0,33,0,33,18,2,2023,early,ORD,21:09,22:18,69,22:13,5,3,0,33,0,33,21,2,2023
172,UA,2023-06-01,538,N67845,SYR,18:18,18:13,111,107,-5,18:34,21,0,0,0,0,0,18,3,2023,early,ORD,21:09,21:00,-9,20:55,5,0,0,0,0,0,21,3,2023
173,UA,2023-06-02,371,N37540,SYR,21:05,21:01,114,110,-4,21:25,24,0,0,0,0,0,21,4,2023,early,ORD,23:59,23:51,-8,23:46,5,0,0,0,0,0,23,4,2023
174,UA,2023-06-03,371,N446UA,SYR,21:05,21:15,114,102,10,21:31,16,0,0,0,0,0,21,5,2023,early,ORD,23:59,23:57,-2,23:53,4,0,0,0,0,0,23,5,2023
175,UA,2023-06-04,371,N491UA,SYR,21:05,21:36,114,117,31,22:03,27,24,0,3,0,7,21,6,2023,early,ORD,23:59,0:33,34,0:28,5,24,0,3,0,7,23,6,2023
176,UA,2023-06-05,538,N14231,SYR,18:16,18:08,114,104,-8,18:23,15,0,0,0,0,0,18,0,2023,early,ORD,21:10,20:52,-18,20:47,5,0,0,0,0,0,21,0,2023
177,UA,2023-06-06,538,N39297,SYR,18:16,18:42,114,112,26,19:05,23,0,0,0,0,24,18,1,2023,early,ORD,21:10,21:34,24,21:27,7,0,0,0,0,24,21,1,2023
178,UA,2023-06-07,538,N77518,SYR,18:16,18:13,114,117,-3,18:38,25,0,0,0,0,0,18,2,2023,early,ORD,21:10,21:10,0,21:01,9,0,0,0,0,0,21,2,2023
179,UA,2023-06-08,538,N75426,SYR,18:16,18:13,114,127,-3,18:52,39,0,0,0,0,0,18,3,2023,early,ORD,21:10,21:20,10,21:14,6,0,0,0,0,0,21,3,2023
180,UA,2023-06-09,371,N68843,SYR,21:05,21:02,114,128,-3,21:32,30,0,0,0,0,0,21,4,2023,early,ORD,23:59,0:10,11,23:48,22,0,0,0,0,0,23,4,2023
181,UA,2023-06-10,371,N487UA,SYR,21:05,21:02,114,101,-3,21:20,18,0,0,0,0,0,21,5,2023,early,ORD,23:59,23:43,-16,23:38,5,0,0,0,0,0,23,5,2023
182,UA,2023-06-11,371,N430UA,SYR,21:05,21:04,114,102,-1,21:25,21,0,0,0,0,0,21,6,2023,early,ORD,23:59,23:46,-13,23:40,6,0,0,0,0,0,23,6,2023
183,UA,2023-06-12,538,N14219,SYR,18:16,18:12,114,102,-4,18:30,18,0,0,0,0,0,18,0,2023,early,ORD,21:10,20:54,-16,20:49,5,0,0,0,0,0,21,0,2023
184,UA,2023-06-13,538,N69804,SYR,18:16,19:02,114,114,46,19:38,36,9,0,0,0,37,18,1,2023,early,ORD,21:10,21:56,46,21:53,3,9,0,0,0,37,21,1,2023
185,UA,2023-06-14,538,N14219,SYR,18:16,18:18,114,135,2,19:05,47,0,0,23,0,0,18,2,2023,early,ORD,21:10,21:33,23,21:26,7,0,0,23,0,0,21,2,2023
186,UA,2023-06-15,538,N26215,SYR,18:16,18:15,114,101,-1,18:35,20,0,0,0,0,0,18,3,2023,early,ORD,21:10,20:56,-14,20:50,6,0,0,0,0,0,21,3,2023
187,UA,2023-06-16,371,N75433,SYR,21:05,21:16,114,126,11,21:48,32,11,0,12,0,0,21,4,2023,early,ORD,23:59,0:22,23,0:15,7,11,0,12,0,0,23,4,2023
188,UA,2023-06-17,371,N447UA,SYR,21:05,21:00,114,100,-5,21:18,18,0,0,0,0,0,21,5,2023,early,ORD,23:59,23:40,-19,23:35,5,0,0,0,0,0,23,5,2023
189,UA,2023-06-18,371,N37422,SYR,21:05,21:29,114,102,24,21:48,19,0,0,0,0,0,21,6,2023,early,ORD,23:59,0:11,12,0:06,5,0,0,0,0,0,23,6,2023
190,UA,2023-06-19,538,N17244,SYR,18:16,18:09,114,103,-7,18:34,25,0,0,0,0,0,18,0,2023,early,ORD,21:10,20:52,-18,20:49,3,0,0,0,0,0,21,0,2023
191,UA,2023-06-20,538,N17229,SYR,18:16,19:04,114,99,48,19:20,16,0,0,0,0,33,18,1,2023,early,ORD,21:10,21:43,33,21:39,4,0,0,0,0,33,21,1,2023
192,UA,2023-06-21,538,N36247,SYR,18:16,18:19,114,124,3,19:00,41,0,0,0,0,0,18,2,2023,early,ORD,21:10,21:23,13,21:19,4,0,0,0,0,0,21,2,2023
193,UA,2023-06-22,538,N77261,SYR,18:16,18:17,114,123,1,18:55,38,0,0,0,0,0,18,3,2023,early,ORD,21:10,21:20,10,21:12,8,0,0,0,0,0,21,3,2023
194,UA,2023-06-23,636,N37468,SYR,21:05,21:06,114,116,1,21:31,25,0,0,0,0,0,21,4,2023,early,ORD,23:59,0:02,3,23:53,9,0,0,0,0,0,23,4,2023
195,UA,2023-06-24,371,N37293,SYR,21:16,21:51,114,112,35,22:22,31,27,0,0,0,6,21,5,2023,early,ORD,0:10,0:43,33,0:38,5,27,0,0,0,6,0,5,2023
196,UA,2023-06-25,636,,SYR,21:05,0:00,114,0,0,0:00,0,0,0,0,0,0,21,6,2023,early,ORD,23:59,0:00,0,0:00,0,0,0,0,0,0,23,6,2023
197,UA,2023-06-26,210,N37420,SYR,18:20,19:28,114,106,68,19:47,19,60,0,0,0,0,18,0,2023,early,ORD,21:14,22:14,60,22:08,6,60,0,0,0,0,21,0,2023
198,UA,2023-06-27,210,N64844,SYR,18:20,22:06,114,94,226,22:23,17,139,0,0,0,67,18,1,2023,early,ORD,21:14,0:40,206,0:35,5,139,0,0,0,67,21,1,2023
199,UA,2023-06-28,210,N68453,SYR,18:20,20:07,114,108,107,20:31,24,15,0,0,0,86,18,2,2023,early,ORD,21:14,22:55,101,22:50,5,15,0,0,0,86,21,2,2023
200,UA,2023-06-29,210,N39415,SYR,18:20,21:10,114,108,170,21:38,28,164,0,0,0,0,18,3,2023,early,ORD,21:14,23:58,164,23:53,5,164,0,0,0,0,21,3,2023
201,UA,2023-06-30,636,N37471,SYR,21:05,21:39,114,114,34,22:10,31,6,0,0,0,28,21,4,2023,early,ORD,23:59,0:33,34,0:28,5,6,0,0,0,28,23,4,2023
202,UA,2023-07-01,636,N29717,SYR,21:05,23:22,114,92,137,23:39,17,96,0,0,0,19,21,5,2023,early,ORD,23:59,1:54,115,1:50,4,96,0,0,0,19,23,5,2023
203,UA,2023-07-02,636,N37537,SYR,21:05,21:13,114,108,8,21:34,21,0,0,0,0,0,21,6,2023,early,ORD,23:59,0:01,2,23:53,8,0,0,0,0,0,23,6,2023
204,UA,2023-07-03,210,N38458,SYR,18:20,18:17,114,111,-3,18:42,25,0,0,0,0,0,18,0,2023,early,ORD,21:14,21:08,-6,21:03,5,0,0,0,0,0,21,0,2023
205,UA,2023-07-04,210,N57439,SYR,18:20,18:33,114,120,13,19:09,36,13,0,6,0,0,18,1,2023,early,ORD,21:14,21:33,19,21:27,6,13,0,6,0,0,21,1,2023
206,UA,2023-07-05,210,N38479,SYR,18:20,20:10,114,108,110,20:25,15,0,104,0,0,0,18,2,2023,early,ORD,21:14,22:58,104,22:50,8,0,104,0,0,0,21,2,2023
207,UA,2023-07-06,210,N38459,SYR,18:20,18:15,114,98,-5,18:34,19,0,0,0,0,0,18,3,2023,early,ORD,21:14,20:53,-21,20:49,4,0,0,0,0,0,21,3,2023
208,UA,2023-07-07,636,N62883,SYR,21:05,21:07,114,100,2,21:28,21,0,0,0,0,0,21,4,2023,early,ORD,23:59,23:47,-12,23:41,6,0,0,0,0,0,23,4,2023
209,UA,2023-07-08,636,N73291,SYR,21:05,21:14,114,110,9,21:48,34,0,0,0,0,0,21,5,2023,early,ORD,23:59,0:04,5,23:57,7,0,0,0,0,0,23,5,2023
210,UA,2023-07-09,636,N76505,SYR,21:05,21:12,114,111,7,21:37,25,0,0,0,0,0,21,6,2023,early,ORD,23:59,0:03,4,23:57,6,0,0,0,0,0,23,6,2023
211,UA,2023-07-10,210,N69804,SYR,18:20,20:43,114,133,143,21:08,25,12,0,19,0,131,18,0,2023,early,ORD,21:14,23:56,162,23:27,29,12,0,19,0,131,21,0,2023
212,UA,2023-07-11,210,N39423,SYR,18:20,18:28,114,111,8,18:50,22,0,0,0,0,0,18,1,2023,early,ORD,21:14,21:19,5,21:14,5,0,0,0,0,0,21,1,2023
213,UA,2023-07-12,210,N27503,SYR,18:20,19:39,114,169,79,21:07,88,0,79,55,0,0,18,2,2023,early,ORD,21:14,23:28,134,23:22,6,0,79,55,0,0,21,2,2023
214,UA,2023-07-13,210,N38473,SYR,18:20,18:32,114,125,12,19:23,51,12,0,11,0,0,18,3,2023,early,ORD,21:14,21:37,23,21:34,3,12,0,11,0,0,21,3,2023
215,UA,2023-07-14,636,N39463,SYR,21:05,23:02,114,127,117,23:45,43,0,117,13,0,0,21,4,2023,early,ORD,23:59,2:09,130,2:04,5,0,117,13,0,0,23,4,2023
216,UA,2023-07-15,636,N17316,SYR,21:05,22:25,114,96,80,22:45,20,28,0,0,0,34,21,5,2023,early,ORD,23:59,1:01,62,0:57,4,28,0,0,0,34,23,5,2023
217,UA,2023-07-16,636,N78524,SYR,21:05,21:07,114,106,2,21:30,23,0,0,0,0,0,21,6,2023,early,ORD,23:59,23:53,-6,23:46,7,0,0,0,0,0,23,6,2023
218,UA,2023-07-17,210,N37470,SYR,18:20,18:19,114,108,-1,18:45,26,0,0,0,0,0,18,0,2023,early,ORD,21:14,21:07,-7,21:02,5,0,0,0,0,0,21,0,2023
219,UA,2023-07-18,210,N78438,SYR,18:20,18:14,114,97,-6,18:29,15,0,0,0,0,0,18,1,2023,early,ORD,21:14,20:51,-23,20:47,4,0,0,0,0,0,21,1,2023
220,UA,2023-07-19,210,N57439,SYR,18:20,18:16,114,103,-4,18:36,20,0,0,0,0,0,18,2,2023,early,ORD,21:14,20:59,-15,20:53,6,0,0,0,0,0,21,2,2023
221,UA,2023-07-20,210,N66841,SYR,18:20,18:34,114,161,14,19:28,54,7,0,47,0,7,18,3,2023,early,ORD,21:14,22:15,61,22:09,6,7,0,47,0,7,21,3,2023
222,UA,2023-07-21,636,N38467,SYR,21:05,21:06,114,112,1,21:33,27,0,0,0,0,0,21,4,2023,early,ORD,23:59,23:58,-1,23:52,6,0,0,0,0,0,23,4,2023
223,UA,2023-07-22,636,N26215,SYR,21:05,22:02,114,104,57,22:28,26,1,0,0,0,46,21,5,2023,early,ORD,23:59,0:46,47,0:41,5,1,0,0,0,46,23,5,2023
224,UA,2023-07-23,636,N76502,SYR,21:05,22:42,114,97,97,22:56,14,80,0,0,0,0,21,6,2023,early,ORD,23:59,1:19,80,1:14,5,80,0,0,0,0,23,6,2023
225,UA,2023-07-24,210,N67815,SYR,18:20,18:18,114,105,-2,18:45,27,0,0,0,0,0,18,0,2023,early,ORD,21:14,21:03,-11,20:59,4,0,0,0,0,0,21,0,2023
226,UA,2023-07-25,210,N39461,SYR,18:20,18:18,114,115,-2,18:51,33,0,0,0,0,0,18,1,2023,early,ORD,21:14,21:13,-1,21:08,5,0,0,0,0,0,21,1,2023
227,UA,2023-07-26,210,N62896,SYR,18:20,20:35,114,123,135,21:00,25,3,0,9,0,132,18,2,2023,early,ORD,21:14,23:38,144,23:27,11,3,0,9,0,132,21,2,2023
228,UA,2023-07-27,210,N36444,SYR,18:20,18:30,114,128,10,19:14,44,10,0,14,0,0,18,3,2023,early,ORD,21:14,21:38,24,21:32,6,10,0,14,0,0,21,3,2023
229,UA,2023-07-28,636,N38451,SYR,21:05,0:20,114,145,195,1:22,62,0,117,31,0,78,21,4,2023,early,ORD,23:59,3:45,226,3:39,6,0,117,31,0,78,23,4,2023
230,UA,2023-07-29,636,N73276,SYR,21:05,21:54,114,114,49,22:24,30,49,0,0,0,0,21,5,2023,early,ORD,23:59,0:48,49,0:38,10,49,0,0,0,0,23,5,2023
231,UA,2023-07-30,636,N11206,SYR,21:05,21:38,114,96,33,21:59,21,4,0,0,0,11,21,6,2023,early,ORD,23:59,0:14,15,0:09,5,4,0,0,0,11,23,6,2023
232,UA,2023-07-31,210,N37434,SYR,18:20,18:23,114,99,3,18:46,23,0,0,0,0,0,18,0,2023,early,ORD,21:14,21:02,-12,20:59,3,0,0,0,0,0,21,0,2023
233,UA,2023-08-01,210,N37464,SYR,18:20,18:14,114,101,-6,18:29,15,0,0,0,0,0,18,1,2023,early,ORD,21:14,20:55,-19,20:50,5,0,0,0,0,0,21,1,2023
234,UA,2023-08-01,2637,N422UA,SYR,14:00,14:00,111,102,0,14:16,16,0,0,0,0,0,14,1,2023,early,ORD,16:51,16:42,-9,16:36,6,0,0,0,0,0,16,1,2023
235,UA,2023-08-02,210,N62896,SYR,18:20,18:35,114,112,15,19:05,30,0,0,0,0,0,18,2,2023,early,ORD,21:14,21:27,13,21:20,7,0,0,0,0,0,21,2,2023
236,UA,2023-08-02,2637,N455UA,SYR,14:00,14:16,111,98,16,14:34,18,0,0,0,0,0,14,2,2023,early,ORD,16:51,16:54,3,16:50,4,0,0,0,0,0,16,2,2023
237,UA,2023-08-03,210,N62896,SYR,18:20,18:13,114,125,-7,18:41,28,0,0,0,0,0,18,3,2023,early,ORD,21:14,21:18,4,21:00,18,0,0,0,0,0,21,3,2023
238,UA,2023-08-03,2637,N495UA,SYR,14:00,13:56,111,96,-4,14:12,16,0,0,0,0,0,14,3,2023,early,ORD,16:51,16:32,-19,16:27,5,0,0,0,0,0,16,3,2023
239,UA,2023-08-04,636,N62883,SYR,21:05,21:43,114,106,38,22:03,20,30,0,0,0,0,21,4,2023,early,ORD,23:59,0:29,30,0:22,7,30,0,0,0,0,23,4,2023
240,UA,2023-08-04,2637,N475UA,SYR,14:00,13:54,111,97,-6,14:06,12,0,0,0,0,0,14,4,2023,early,ORD,16:51,16:31,-20,16:25,6,0,0,0,0,0,16,4,2023
241,UA,2023-08-05,636,N73256,SYR,21:05,21:31,114,122,26,22:15,44,15,0,8,0,11,21,5,2023,early,ORD,23:59,0:33,34,0:29,4,15,0,8,0,11,23,5,2023
242,UA,2023-08-05,2637,N432UA,SYR,14:02,14:12,111,103,10,14:30,18,0,0,0,0,0,14,5,2023,early,ORD,16:53,16:55,2,16:49,6,0,0,0,0,0,16,5,2023
243,UA,2023-08-06,636,N39450,SYR,21:05,21:47,114,97,42,22:06,19,10,0,0,0,15,21,6,2023,early,ORD,23:59,0:24,25,0:20,4,10,0,0,0,15,23,6,2023
244,UA,2023-08-06,2637,N494UA,SYR,14:00,13:57,111,93,-3,14:10,13,0,0,0,0,0,14,6,2023,early,ORD,16:51,16:30,-21,16:25,5,0,0,0,0,0,16,6,2023
245,UA,2023-08-07,210,N39463,SYR,18:20,18:20,114,109,0,18:40,20,0,0,0,0,0,18,0,2023,early,ORD,21:14,21:09,-5,21:02,7,0,0,0,0,0,21,0,2023
246,UA,2023-08-07,2637,N446UA,SYR,14:00,13:55,111,108,-5,14:08,13,0,0,0,0,0,14,0,2023,early,ORD,16:51,16:43,-8,16:27,16,0,0,0,0,0,16,0,2023
247,UA,2023-08-08,210,N62849,SYR,18:20,19:23,114,107,63,19:40,17,56,0,0,0,0,18,1,2023,early,ORD,21:14,22:10,56,22:04,6,56,0,0,0,0,21,1,2023
248,UA,2023-08-08,2637,N25705,SYR,14:00,13:57,111,109,-3,14:21,24,0,0,0,0,0,14,1,2023,early,ORD,16:51,16:46,-5,16:40,6,0,0,0,0,0,16,1,2023
249,UA,2023-08-09,210,N64809,SYR,18:20,18:12,114,109,-8,18:38,26,0,0,0,0,0,18,2,2023,early,ORD,21:14,21:01,-13,20:57,4,0,0,0,0,0,21,2,2023
250,UA,2023-08-09,2637,N24702,SYR,14:00,13:55,111,103,-5,14:12,17,0,0,0,0,0,14,2,2023,early,ORD,16:51,16:38,-13,16:33,5,0,0,0,0,0,16,2,2023
251,UA,2023-08-10,210,N37563,SYR,18:20,18:32,114,130,12,19:18,46,0,0,16,0,12,18,3,2023,early,ORD,21:14,21:42,28,21:35,7,0,0,16,0,12,21,3,2023
252,UA,2023-08-10,2637,N27733,SYR,14:00,13:57,111,99,-3,14:14,17,0,0,0,0,0,14,3,2023,early,ORD,16:51,16:36,-15,16:30,6,0,0,0,0,0,16,3,2023
253,UA,2023-08-11,636,N68821,SYR,21:05,21:23,114,103,18,21:46,23,0,0,0,0,0,21,4,2023,early,ORD,23:59,0:06,7,0:01,5,0,0,0,0,0,23,4,2023
254,UA,2023-08-11,2637,N15710,SYR,14:00,13:50,111,101,-10,14:11,21,0,0,0,0,0,14,4,2023,early,ORD,16:51,16:31,-20,16:25,6,0,0,0,0,0,16,4,2023
255,UA,2023-08-12,636,N24202,SYR,21:05,0:57,114,104,232,1:17,20,0,0,0,0,222,21,5,2023,early,ORD,23:59,3:41,222,3:35,6,0,0,0,0,222,23,5,2023
256,UA,2023-08-12,2637,N25705,SYR,14:02,14:01,111,104,-1,14:22,21,0,0,0,0,0,14,5,2023,early,ORD,16:53,16:45,-8,16:39,6,0,0,0,0,0,16,5,2023
257,UA,2023-08-13,636,N76519,SYR,21:05,22:27,114,90,82,22:39,12,0,0,0,0,58,21,6,2023,early,ORD,23:59,0:57,58,0:51,6,0,0,0,0,58,23,6,2023
258,UA,2023-08-13,2637,N4901U,SYR,14:00,14:01,111,99,1,14:18,17,0,0,0,0,0,14,6,2023,early,ORD,16:51,16:40,-11,16:35,5,0,0,0,0,0,16,6,2023
259,UA,2023-08-14,210,,SYR,18:20,0:00,114,0,0,0:00,0,0,0,0,0,0,18,0,2023,early,ORD,21:14,0:00,0,0:00,0,0,0,0,0,0,21,0,2023
260,UA,2023-08-14,2637,N24702,SYR,14:00,16:06,111,98,126,16:27,21,0,0,0,0,113,14,0,2023,early,ORD,16:51,18:44,113,18:39,5,0,0,0,0,113,16,0,2023
261,UA,2023-08-15,210,N37547,SYR,18:20,18:24,114,110,4,18:48,24,0,0,0,0,0,18,1,2023,early,ORD,21:14,21:14,0,21:09,5,0,0,0,0,0,21,1,2023
262,UA,2023-08-15,2637,N39728,SYR,14:00,14:24,111,113,24,14:57,33,24,0,2,0,0,14,1,2023,early,ORD,16:51,17:17,26,17:13,4,24,0,2,0,0,16,1,2023
263,UA,2023-08-16,210,N66893,SYR,18:20,18:13,114,114,-7,18:42,29,0,0,0,0,0,18,2,2023,early,ORD,21:14,21:07,-7,21:01,6,0,0,0,0,0,21,2,2023
264,UA,2023-08-16,2637,N12754,SYR,14:00,13:59,111,116,-1,14:29,30,0,0,0,0,0,14,2,2023,early,ORD,16:51,16:55,4,16:50,5,0,0,0,0,0,16,2,2023
265,UA,2023-08-17,210,N37547,SYR,18:20,18:30,114,100,10,18:52,22,0,0,0,0,0,18,3,2023,early,ORD,21:14,21:10,-4,21:05,5,0,0,0,0,0,21,3,2023
266,UA,2023-08-17,2637,N14735,SYR,14:00,16:33,111,110,153,16:53,20,1,0,0,0,151,14,3,2023,early,ORD,16:51,19:23,152,19:19,4,1,0,0,0,151,16,3,2023
267,UA,2023-08-18,636,N37506,SYR,21:05,21:26,114,112,21,21:51,25,9,0,0,0,10,21,4,2023,early,ORD,23:59,0:18,19,0:13,5,9,0,0,0,10,23,4,2023
268,UA,2023-08-18,2637,N24729,SYR,14:00,14:08,111,116,8,14:41,33,0,0,0,0,0,14,4,2023,early,ORD,16:51,17:04,13,16:59,5,0,0,0,0,0,16,4,2023
269,UA,2023-08-19,636,N26208,SYR,21:05,21:01,114,118,-4,21:24,23,0,0,0,0,0,21,5,2023,early,ORD,23:59,23:59,0,23:48,11,0,0,0,0,0,23,5,2023
270,UA,2023-08-19,2637,N15712,SYR,14:02,14:05,111,104,3,14:26,21,0,0,0,0,0,14,5,2023,early,ORD,16:53,16:49,-4,16:44,5,0,0,0,0,0,16,5,2023
271,UA,2023-08-20,636,N33289,SYR,21:05,21:21,114,105,16,21:41,20,0,0,0,0,0,21,6,2023,early,ORD,23:59,0:06,7,23:59,7,0,0,0,0,0,23,6,2023
272,UA,2023-08-20,2637,N464UA,SYR,13:55,14:09,111,123,14,14:47,38,14,0,12,0,0,13,6,2023,early,ORD,16:46,17:12,26,17:07,5,14,0,12,0,0,16,6,2023
273,UA,2023-08-21,210,N47275,SYR,18:20,18:46,114,115,26,19:20,34,26,0,1,0,0,18,0,2023,early,ORD,21:14,21:41,27,21:37,4,26,0,1,0,0,21,0,2023
274,UA,2023-08-21,2637,N24736,SYR,14:00,13:58,111,113,-2,14:28,30,0,0,0,0,0,14,0,2023,early,ORD,16:51,16:51,0,16:47,4,0,0,0,0,0,16,0,2023
275,UA,2023-08-22,210,N17294,SYR,18:20,18:17,114,127,-3,19:01,44,0,0,0,0,0,18,1,2023,early,ORD,21:14,21:24,10,21:20,4,0,0,0,0,0,21,1,2023
276,UA,2023-08-22,2637,N16701,SYR,14:00,13:58,111,99,-2,14:15,17,0,0,0,0,0,14,1,2023,early,ORD,16:51,16:37,-14,16:32,5,0,0,0,0,0,16,1,2023
277,UA,2023-08-23,210,N47275,SYR,18:20,18:33,114,168,13,19:50,77,13,0,54,0,0,18,2,2023,early,ORD,21:14,22:21,67,22:16,5,13,0,54,0,0,21,2,2023
278,UA,2023-08-23,2637,N17730,SYR,14:00,14:01,111,114,1,14:21,20,0,0,0,0,0,14,2,2023,early,ORD,16:51,16:55,4,16:49,6,0,0,0,0,0,16,2,2023
279,UA,2023-08-24,210,N47275,SYR,18:20,18:18,114,107,-2,18:44,26,0,0,0,0,0,18,3,2023,early,ORD,21:14,21:05,-9,21:01,4,0,0,0,0,0,21,3,2023
280,UA,2023-08-24,2637,N16732,SYR,14:00,13:58,111,100,-2,14:12,14,0,0,0,0,0,14,3,2023,early,ORD,16:51,16:38,-13,16:33,5,0,0,0,0,0,16,3,2023
281,UA,2023-08-25,636,N69826,SYR,21:05,21:31,114,110,26,22:02,31,22,0,0,0,0,21,4,2023,early,ORD,23:59,0:21,22,0:15,6,22,0,0,0,0,23,4,2023
282,UA,2023-08-25,2637,N13718,SYR,14:00,13:59,111,105,-1,14:23,24,0,0,0,0,0,14,4,2023,early,ORD,16:51,16:44,-7,16:39,5,0,0,0,0,0,16,4,2023
283,UA,2023-08-26,636,N27239,SYR,21:05,20:56,114,109,-9,21:20,24,0,0,0,0,0,21,5,2023,early,ORD,23:59,23:45,-14,23:34,11,0,0,0,0,0,23,5,2023
284,UA,2023-08-26,2637,N24736,SYR,14:02,14:14,111,96,12,14:29,15,0,0,0,0,0,14,5,2023,early,ORD,16:53,16:50,-3,16:45,5,0,0,0,0,0,16,5,2023
285,UA,2023-08-27,636,N11206,SYR,21:05,21:10,114,104,5,21:33,23,0,0,0,0,0,21,6,2023,early,ORD,23:59,23:54,-5,23:48,6,0,0,0,0,0,23,6,2023
286,UA,2023-08-27,2637,N432UA,SYR,14:00,13:53,111,100,-7,14:07,14,0,0,0,0,0,14,6,2023,early,ORD,16:51,16:33,-18,16:24,9,0,0,0,0,0,16,6,2023
287,UA,2023-08-28,210,N37287,SYR,18:20,18:20,114,98,0,18:40,20,0,0,0,0,0,18,0,2023,early,ORD,21:14,20:58,-16,20:53,5,0,0,0,0,0,21,0,2023
288,UA,2023-08-28,2637,N54711,SYR,14:00,14:05,111,93,5,14:19,14,0,0,0,0,0,14,0,2023,early,ORD,16:51,16:38,-13,16:34,4,0,0,0,0,0,16,0,2023
289,UA,2023-08-29,210,N77296,SYR,18:20,18:16,114,102,-4,18:44,28,0,0,0,0,0,18,1,2023,early,ORD,21:14,20:58,-16,20:54,4,0,0,0,0,0,21,1,2023
290,UA,2023-08-29,2637,N16703,SYR,14:00,14:02,111,98,2,14:24,22,0,0,0,0,0,14,1,2023,early,ORD,16:51,16:40,-11,16:36,4,0,0,0,0,0,16,1,2023
291,UA,2023-08-30,210,N12225,SYR,18:20,18:58,114,118,38,19:29,31,0,0,4,0,38,18,2,2023,early,ORD,21:14,21:56,42,21:49,7,0,0,4,0,38,21,2,2023
292,UA,2023-08-30,2637,N27722,SYR,14:00,14:00,111,107,0,14:25,25,0,0,0,0,0,14,2,2023,early,ORD,16:51,16:47,-4,16:43,4,0,0,0,0,0,16,2,2023
293,UA,2023-08-31,210,N39297,SYR,18:20,18:12,114,118,-8,18:39,27,0,0,0,0,0,18,3,2023,early,ORD,21:14,21:10,-4,21:02,8,0,0,0,0,0,21,3,2023
294,UA,2023-08-31,2637,N14704,SYR,14:00,13:54,111,101,-6,14:13,19,0,0,0,0,0,14,3,2023,early,ORD,16:51,16:35,-16,16:30,5,0,0,0,0,0,16,3,2023
295,UA,2023-09-01,636,N47414,SYR,21:05,21:01,114,106,-4,21:24,23,0,0,0,0,0,21,4,2023,early,ORD,23:59,23:47,-12,23:41,6,0,0,0,0,0,23,4,2023
296,UA,2023-09-01,2637,N14731,SYR,14:00,14:00,111,102,0,14:16,16,0,0,0,0,0,14,4,2023,early,ORD,16:51,16:42,-9,16:37,5,0,0,0,0,0,16,4,2023
297,UA,2023-09-02,636,N37263,SYR,21:05,21:16,114,98,11,21:30,14,0,0,0,0,0,21,5,2023,early,ORD,23:59,23:54,-5,23:48,6,0,0,0,0,0,23,5,2023
298,UA,2023-09-02,2637,N17730,SYR,14:02,13:56,111,100,-6,14:13,17,0,0,0,0,0,14,5,2023,early,ORD,16:53,16:36,-17,16:30,6,0,0,0,0,0,16,5,2023
299,UA,2023-09-03,636,N78501,SYR,21:05,21:12,114,109,7,21:31,19,0,0,0,0,0,21,6,2023,early,ORD,23:59,0:01,2,23:50,11,0,0,0,0,0,23,6,2023
300,UA,2023-09-03,2637,N467UA,SYR,14:00,14:18,111,100,18,14:33,15,0,0,0,0,0,14,6,2023,early,ORD,16:51,16:58,7,16:53,5,0,0,0,0,0,16,6,2023
301,UA,2023-09-04,210,N61887,SYR,18:20,18:20,114,110,0,18:44,24,0,0,0,0,0,18,0,2023,early,ORD,21:14,21:10,-4,21:06,4,0,0,0,0,0,21,0,2023
302,UA,2023-09-04,2637,N27287,SYR,13:55,13:53,110,120,-2,14:28,35,0,0,0,0,0,13,0,2023,early,ORD,16:45,16:53,8,16:47,6,0,0,0,0,0,16,0,2023
303,UA,2023-09-05,538,N38473,SYR,18:00,17:59,108,117,-1,18:27,28,0,0,0,0,0,18,1,2023,early,ORD,20:48,20:56,8,20:49,7,0,0,0,0,0,20,1,2023
304,UA,2023-09-05,1693,N814UA,SYR,13:55,14:53,109,101,58,15:07,14,50,0,0,0,0,13,1,2023,early,ORD,16:44,17:34,50,17:30,4,50,0,0,0,0,16,1,2023
305,UA,2023-09-06,538,N12238,SYR,18:00,19:40,108,111,100,20:07,27,0,0,3,0,100,18,2,2023,early,ORD,20:48,22:31,103,22:26,5,0,0,3,0,100,20,2,2023
306,UA,2023-09-06,1693,N809UA,SYR,13:55,13:53,109,107,-2,14:13,20,0,0,0,0,0,13,2,2023,early,ORD,16:44,16:40,-4,16:35,5,0,0,0,0,0,16,2,2023
307,UA,2023-09-07,538,N37273,SYR,18:00,18:02,108,105,2,18:21,19,0,0,0,0,0,18,3,2023,early,ORD,20:48,20:47,-1,20:39,8,0,0,0,0,0,20,3,2023
308,UA,2023-09-07,1693,N875UA,SYR,13:55,13:53,109,102,-2,14:07,14,0,0,0,0,0,13,3,2023,early,ORD,16:44,16:35,-9,16:28,7,0,0,0,0,0,16,3,2023
309,UA,2023-09-08,538,N11206,SYR,18:00,18:11,108,124,11,18:47,36,11,0,16,0,0,18,4,2023,early,ORD,20:48,21:15,27,21:08,7,11,0,16,0,0,20,4,2023
310,UA,2023-09-08,1693,N13720,SYR,13:55,13:54,109,109,-1,14:15,21,0,0,0,0,0,13,4,2023,early,ORD,16:44,16:43,-1,16:36,7,0,0,0,0,0,16,4,2023
311,UA,2023-09-09,538,N17245,SYR,18:00,20:19,108,122,139,20:35,16,2,0,14,0,137,18,5,2023,early,ORD,20:48,23:21,153,22:54,27,2,0,14,0,137,20,5,2023
312,UA,2023-09-09,1693,,SYR,13:55,0:00,109,0,0,0:00,0,0,0,0,0,0,13,5,2023,early,ORD,16:44,0:00,0,0:00,0,0,0,0,0,0,16,5,2023
313,UA,2023-09-10,538,N35236,SYR,18:00,18:32,108,117,32,19:03,31,32,0,9,0,0,18,6,2023,early,ORD,20:48,21:29,41,21:23,6,32,0,9,0,0,20,6,2023
314,UA,2023-09-11,538,N77261,SYR,18:00,18:35,108,112,35,19:01,26,35,0,4,0,0,18,0,2023,early,ORD,20:48,21:27,39,21:20,7,35,0,4,0,0,20,0,2023
315,UA,2023-09-11,1693,N842UA,SYR,13:55,13:59,109,115,4,14:25,26,0,0,0,0,0,13,0,2023,early,ORD,16:44,16:54,10,16:46,8,0,0,0,0,0,16,0,2023
316,UA,2023-09-12,538,N73251,SYR,18:00,17:53,108,103,-7,18:10,17,0,0,0,0,0,18,1,2023,early,ORD,20:48,20:36,-12,20:28,8,0,0,0,0,0,20,1,2023
317,UA,2023-09-12,1693,N854UA,SYR,13:55,13:51,109,109,-4,14:15,24,0,0,0,0,0,13,1,2023,early,ORD,16:44,16:40,-4,16:33,7,0,0,0,0,0,16,1,2023
318,UA,2023-09-13,538,N33209,SYR,18:00,18:03,108,112,3,18:30,27,0,0,0,0,0,18,2,2023,early,ORD,20:48,20:55,7,20:50,5,0,0,0,0,0,20,2,2023
319,UA,2023-09-13,1693,N830UA,SYR,13:55,13:58,109,104,3,14:19,21,0,0,0,0,0,13,2,2023,early,ORD,16:44,16:42,-2,16:36,6,0,0,0,0,0,16,2,2023
320,UA,2023-09-14,538,N76502,SYR,18:00,17:56,108,103,-4,18:15,19,0,0,0,0,0,18,3,2023,early,ORD,20:48,20:39,-9,20:34,5,0,0,0,0,0,20,3,2023
321,UA,2023-09-14,1693,N841UA,SYR,13:55,14:14,109,116,19,14:42,28,19,0,7,0,0,13,3,2023,early,ORD,16:44,17:10,26,17:04,6,19,0,7,0,0,16,3,2023
322,UA,2023-09-15,538,N37293,SYR,18:00,17:57,108,113,-3,18:23,26,0,0,0,0,0,18,4,2023,early,ORD,20:48,20:50,2,20:45,5,0,0,0,0,0,20,4,2023
323,UA,2023-09-15,1693,N12754,SYR,13:55,13:53,109,110,-2,14:17,24,0,0,0,0,0,13,4,2023,early,ORD,16:44,16:43,-1,16:38,5,0,0,0,0,0,16,4,2023
324,UA,2023-09-16,538,N17314,SYR,18:09,18:08,108,101,-1,18:25,17,0,0,0,0,0,18,5,2023,early,ORD,20:57,20:49,-8,20:44,5,0,0,0,0,0,20,5,2023
325,UA,2023-09-16,1693,N889UA,SYR,13:55,14:51,109,97,56,15:07,16,44,0,0,0,0,13,5,2023,early,ORD,16:44,17:28,44,17:23,5,44,0,0,0,0,16,5,2023
326,UA,2023-09-17,538,N47291,SYR,18:09,18:07,108,105,-2,18:32,25,0,0,0,0,0,18,6,2023,early,ORD,20:57,20:52,-5,20:48,4,0,0,0,0,0,20,6,2023
327,UA,2023-09-18,538,N27252,SYR,18:09,18:00,108,106,-9,18:22,22,0,0,0,0,0,18,0,2023,early,ORD,20:57,20:46,-11,20:41,5,0,0,0,0,0,20,0,2023
328,UA,2023-09-18,1693,N891UA,SYR,13:55,13:56,109,105,1,14:15,19,0,0,0,0,0,13,0,2023,early,ORD,16:44,16:41,-3,16:37,4,0,0,0,0,0,16,0,2023
329,UA,2023-09-19,538,N76265,SYR,18:09,18:04,108,136,-5,18:56,52,0,0,23,0,0,18,1,2023,early,ORD,20:57,21:20,23,21:14,6,0,0,23,0,0,20,1,2023
330,UA,2023-09-19,1693,N841UA,SYR,13:55,14:07,109,102,12,14:24,17,0,0,0,0,0,13,1,2023,early,ORD,16:44,16:49,5,16:44,5,0,0,0,0,0,16,1,2023
331,UA,2023-09-20,538,N27252,SYR,18:09,18:09,108,124,0,18:51,42,0,0,16,0,0,18,2,2023,early,ORD,20:57,21:13,16,21:08,5,0,0,16,0,0,20,2,2023
332,UA,2023-09-20,1693,N804UA,SYR,13:55,14:09,109,107,14,14:31,22,0,0,0,0,0,13,2,2023,early,ORD,16:44,16:56,12,16:51,5,0,0,0,0,0,16,2,2023
333,UA,2023-09-21,538,N27252,SYR,18:09,18:10,108,119,1,18:49,39,0,0,0,0,0,18,3,2023,early,ORD,20:57,21:09,12,21:05,4,0,0,0,0,0,20,3,2023
334,UA,2023-09-21,1693,N835UA,SYR,13:55,14:16,109,103,21,14:37,21,2,0,0,0,13,13,3,2023,early,ORD,16:44,16:59,15,16:55,4,2,0,0,0,13,16,3,2023
335,UA,2023-09-22,538,N27252,SYR,18:09,18:09,108,117,0,18:47,38,0,0,0,0,0,18,4,2023,early,ORD,20:57,21:06,9,21:03,3,0,0,0,0,0,20,4,2023
336,UA,2023-09-23,538,N37313,SYR,18:09,18:05,108,108,-4,18:31,26,0,0,0,0,0,18,5,2023,early,ORD,20:57,20:53,-4,20:48,5,0,0,0,0,0,20,5,2023
337,UA,2023-09-23,1693,N880UA,SYR,13:55,14:01,109,98,6,14:15,14,0,0,0,0,0,13,5,2023,early,ORD,16:44,16:39,-5,16:35,4,0,0,0,0,0,16,5,2023
338,UA,2023-09-24,538,N77259,SYR,18:09,18:01,108,107,-8,18:26,25,0,0,0,0,0,18,6,2023,early,ORD,20:57,20:48,-9,20:43,5,0,0,0,0,0,20,6,2023
339,UA,2023-09-24,1693,N837UA,SYR,13:55,13:57,109,95,2,14:10,13,0,0,0,0,0,13,6,2023,early,ORD,16:44,16:32,-12,16:29,3,0,0,0,0,0,16,6,2023
340,UA,2023-09-25,538,N77259,SYR,18:09,18:18,108,108,9,18:43,25,0,0,0,0,0,18,0,2023,early,ORD,20:57,21:06,9,21:01,5,0,0,0,0,0,20,0,2023
341,UA,2023-09-25,1693,N4888U,SYR,13:55,14:14,109,107,19,14:38,24,17,0,0,0,0,13,0,2023,early,ORD,16:44,17:01,17,16:57,4,17,0,0,0,0,16,0,2023
342,UA,2023-09-26,538,N17301,SYR,18:09,18:04,108,104,-5,18:21,17,0,0,0,0,0,18,1,2023,early,ORD,20:57,20:48,-9,20:43,5,0,0,0,0,0,20,1,2023
343,UA,2023-09-26,1693,N836UA,SYR,13:55,14:50,109,101,55,15:10,20,5,0,0,0,42,13,1,2023,early,ORD,16:44,17:31,47,17:28,3,5,0,0,0,42,16,1,2023
344,UA,2023-09-27,538,N17311,SYR,18:09,18:23,108,109,14,18:51,28,0,0,1,0,14,18,2,2023,early,ORD,20:57,21:12,15,21:09,3,0,0,1,0,14,20,2,2023
345,UA,2023-09-27,1693,N815UA,SYR,13:55,14:36,109,97,41,14:55,19,0,0,0,0,29,13,2,2023,early,ORD,16:44,17:13,29,17:10,3,0,0,0,0,29,16,2,2023
346,UA,2023-09-28,538,N27283,SYR,18:09,17:58,108,111,-11,18:25,27,0,0,0,0,0,18,3,2023,early,ORD,20:57,20:49,-8,20:44,5,0,0,0,0,0,20,3,2023
347,UA,2023-09-28,1693,N895UA,SYR,13:55,13:52,109,104,-3,14:13,21,0,0,0,0,0,13,3,2023,early,ORD,16:44,16:36,-8,16:32,4,0,0,0,0,0,16,3,2023
348,UA,2023-09-29,1693,N894UA,SYR,13:55,13:59,109,95,4,14:11,12,0,0,0,0,0,13,4,2023,early,ORD,16:44,16:34,-10,16:31,3,0,0,0,0,0,16,4,2023
349,UA,2023-09-29,2145,N37287,SYR,18:20,18:17,108,107,-3,18:40,23,0,0,0,0,0,18,4,2023,early,ORD,21:08,21:04,-4,21:00,4,0,0,0,0,0,21,4,2023
350,UA,2023-09-30,1693,N828UA,SYR,13:55,13:53,109,108,-2,14:12,19,0,0,0,0,0,13,5,2023,early,ORD,16:44,16:41,-3,16:37,4,0,0,0,0,0,16,5,2023
351,UA,2023-09-30,2670,N27268,SYR,18:20,18:10,108,132,-10,18:57,47,0,0,0,0,0,18,5,2023,early,ORD,21:08,21:22,14,21:18,4,0,0,0,0,0,21,5,2023
352,UA,2023-10-01,1494,N76517,SYR,18:20,20:55,108,129,155,21:22,27,11,0,21,0,144,18,6,2023,early,ORD,21:08,0:04,176,23:42,22,11,0,21,0,144,21,6,2023
353,UA,2023-10-02,1494,N37464,SYR,18:20,18:15,108,109,-5,18:36,21,0,0,0,0,0,18,0,2023,early,ORD,21:08,21:04,-4,20:58,6,0,0,0,0,0,21,0,2023
354,UA,2023-10-03,1494,N77510,SYR,18:20,18:14,108,112,-6,18:42,28,0,0,0,0,0,18,1,2023,early,ORD,21:08,21:06,-2,21:00,6,0,0,0,0,0,21,1,2023
355,UA,2023-10-04,1494,N87507,SYR,18:20,19:36,108,95,76,19:52,16,0,0,0,0,63,18,2,2023,early,ORD,21:08,22:11,63,22:07,4,0,0,0,0,63,21,2,2023
356,UA,2023-10-05,1494,N37263,SYR,18:20,18:18,108,113,-2,18:52,34,0,0,0,0,0,18,3,2023,early,ORD,21:08,21:11,3,21:06,5,0,0,0,0,0,21,3,2023
357,UA,2023-10-06,1494,N76504,SYR,18:20,18:15,108,103,-5,18:30,15,0,0,0,0,0,18,4,2023,early,ORD,21:08,20:58,-10,20:52,6,0,0,0,0,0,21,4,2023
358,UA,2023-10-07,1494,N17229,SYR,18:20,18:27,108,121,7,19:03,36,7,0,13,0,0,18,5,2023,early,ORD,21:08,21:28,20,21:23,5,7,0,13,0,0,21,5,2023
359,UA,2023-10-08,1494,N68805,SYR,18:20,18:16,108,114,-4,18:42,26,0,0,0,0,0,18,6,2023,early,ORD,21:08,21:10,2,21:05,5,0,0,0,0,0,21,6,2023
360,UA,2023-10-09,1494,N76504,SYR,18:20,18:17,108,117,-3,18:46,29,0,0,0,0,0,18,0,2023,early,ORD,21:08,21:14,6,21:08,6,0,0,0,0,0,21,0,2023
361,UA,2023-10-10,1494,N76504,SYR,18:20,18:10,108,99,-10,18:33,23,0,0,0,0,0,18,1,2023,early,ORD,21:08,20:49,-19,20:45,4,0,0,0,0,0,21,1,2023
362,UA,2023-10-11,1494,N13227,SYR,18:20,18:13,108,112,-7,18:43,30,0,0,0,0,0,18,2,2023,early,ORD,21:08,21:05,-3,20:59,6,0,0,0,0,0,21,2,2023
363,UA,2023-10-12,1494,N37290,SYR,18:20,19:21,108,104,61,19:44,23,0,0,0,0,57,18,3,2023,early,ORD,21:08,22:05,57,21:59,6,0,0,0,0,57,21,3,2023
364,UA,2023-10-13,1494,N87531,SYR,18:20,18:20,108,105,0,18:45,25,0,0,0,0,0,18,4,2023,early,ORD,21:08,21:05,-3,21:00,5,0,0,0,0,0,21,4,2023
365,UA,2023-10-15,1494,N68843,SYR,18:20,18:16,108,150,-4,19:06,50,0,0,38,0,0,18,6,2023,early,ORD,21:08,21:46,38,21:39,7,0,0,38,0,0,21,6,2023
366,UA,2023-10-16,1494,N76533,SYR,18:20,18:23,108,137,3,19:11,48,0,0,32,0,0,18,0,2023,early,ORD,21:08,21:40,32,21:35,5,0,0,32,0,0,21,0,2023
367,UA,2023-10-17,1494,N24202,SYR,18:20,18:17,108,113,-3,18:43,26,0,0,0,0,0,18,1,2023,early,ORD,21:08,21:10,2,21:05,5,0,0,0,0,0,21,1,2023
368,UA,2023-10-18,1494,N14219,SYR,18:20,18:15,108,112,-5,18:42,27,0,0,0,0,0,18,2,2023,early,ORD,21:08,21:07,-1,21:01,6,0,0,0,0,0,21,2,2023
369,UA,2023-10-19,1494,N37290,SYR,18:20,19:32,108,104,72,19:55,23,68,0,0,0,0,18,3,2023,early,ORD,21:08,22:16,68,22:09,7,68,0,0,0,0,21,3,2023
370,UA,2023-10-20,1494,N16234,SYR,18:20,18:16,108,124,-4,18:59,43,0,0,0,0,0,18,4,2023,early,ORD,21:08,21:20,12,21:15,5,0,0,0,0,0,21,4,2023
371,UA,2023-10-21,1494,N17322,SYR,18:20,18:13,108,119,-7,18:50,37,0,0,0,0,0,18,5,2023,early,ORD,21:08,21:12,4,21:07,5,0,0,0,0,0,21,5,2023
372,UA,2023-10-22,1494,N66837,SYR,18:20,18:18,108,127,-2,18:59,41,0,0,17,0,0,18,6,2023,early,ORD,21:08,21:25,17,21:19,6,0,0,17,0,0,21,6,2023
373,UA,2023-10-23,1494,N27205,SYR,18:55,19:19,108,90,24,19:35,16,0,0,0,0,0,18,0,2023,early,ORD,21:43,21:49,6,21:45,4,0,0,0,0,0,21,0,2023
374,UA,2023-10-24,1494,N17244,SYR,18:20,18:19,108,103,-1,18:42,23,0,0,0,0,0,18,1,2023,early,ORD,21:08,21:02,-6,20:56,6,0,0,0,0,0,21,1,2023
375,UA,2023-10-25,1494,N37255,SYR,18:20,18:16,108,122,-4,18:58,42,0,0,0,0,0,18,2,2023,early,ORD,21:08,21:18,10,21:13,5,0,0,0,0,0,21,2,2023
376,UA,2023-10-26,1494,N76265,SYR,18:20,18:14,108,126,-6,19:07,53,0,0,0,0,0,18,3,2023,early,ORD,21:08,21:20,12,21:16,4,0,0,0,0,0,21,3,2023
377,UA,2023-10-27,1494,N76514,SYR,18:20,18:12,108,109,-8,18:39,27,0,0,0,0,0,18,4,2023,early,ORD,21:08,21:01,-7,20:55,6,0,0,0,0,0,21,4,2023
378,UA,2023-10-28,1494,N37293,SYR,18:20,18:17,108,105,-3,18:49,32,0,0,0,0,0,18,5,2023,early,ORD,21:08,21:02,-6,20:58,4,0,0,0,0,0,21,5,2023
379,UA,2023-10-29,538,N896UA,SYR,18:10,18:15,111,94,5,18:34,19,0,0,0,0,0,18,6,2023,early,ORD,21:01,20:49,-12,20:44,5,0,0,0,0,0,21,6,2023
380,UA,2023-10-30,538,N821UA,SYR,18:10,18:12,111,96,2,18:31,19,0,0,0,0,0,18,0,2023,early,ORD,21:01,20:48,-13,20:43,5,0,0,0,0,0,21,0,2023
381,UA,2023-10-31,538,N810UA,SYR,18:10,18:06,111,145,-4,19:12,66,0,0,30,0,0,18,1,2023,early,ORD,21:01,21:31,30,21:27,4,0,0,30,0,0,21,1,2023
382,UA,2023-11-01,538,N841UA,SYR,18:10,18:05,111,102,-5,18:21,16,0,0,0,0,0,18,2,2023,early,ORD,21:01,20:47,-14,20:42,5,0,0,0,0,0,21,2,2023
383,UA,2023-11-02,538,N852UA,SYR,18:10,18:01,111,97,-9,18:15,14,0,0,0,0,0,18,3,2023,early,ORD,21:01,20:38,-23,20:33,5,0,0,0,0,0,21,3,2023
384,UA,2023-11-03,538,N809UA,SYR,18:10,18:09,111,98,-1,18:26,17,0,0,0,0,0,18,4,2023,early,ORD,21:01,20:47,-14,20:42,5,0,0,0,0,0,21,4,2023
385,UA,2023-11-04,538,N806UA,SYR,18:10,18:02,111,106,-8,18:23,21,0,0,0,0,0,18,5,2023,early,ORD,21:01,20:48,-13,20:43,5,0,0,0,0,0,21,5,2023
386,UA,2023-11-05,538,N835UA,SYR,18:10,18:03,111,110,-7,18:27,24,0,0,0,0,0,18,6,2023,early,ORD,21:01,20:53,-8,20:47,6,0,0,0,0,0,21,6,2023
387,UA,2023-11-06,538,N835UA,SYR,18:10,18:36,111,111,26,19:13,37,26,0,0,0,0,18,0,2023,early,ORD,21:01,21:27,26,21:22,5,26,0,0,0,0,21,0,2023
388,UA,2023-11-07,538,N896UA,SYR,18:10,18:06,111,101,-4,18:23,17,0,0,0,0,0,18,1,2023,early,ORD,21:01,20:47,-14,20:42,5,0,0,0,0,0,21,1,2023
389,UA,2023-11-08,538,N883UA,SYR,18:10,18:02,111,117,-8,18:42,40,0,0,0,0,0,18,2,2023,early,ORD,21:01,20:59,-2,20:55,4,0,0,0,0,0,21,2,2023
390,UA,2023-11-09,538,N835UA,SYR,18:10,18:02,111,100,-8,18:20,18,0,0,0,0,0,18,3,2023,early,ORD,21:01,20:42,-19,20:36,6,0,0,0,0,0,21,3,2023
391,UA,2023-11-10,538,N889UA,SYR,18:10,18:06,111,105,-4,18:32,26,0,0,0,0,0,18,4,2023,early,ORD,21:01,20:51,-10,20:48,3,0,0,0,0,0,21,4,2023
392,UA,2023-11-10,729,N835UA,SYR,8:45,8:43,109,93,-2,8:56,13,0,0,0,0,0,8,4,2023,early,ORD,11:34,11:16,-18,11:13,3,0,0,0,0,0,11,4,2023
393,UA,2023-11-10,1802,N827UA,SYR,13:55,13:52,110,98,-3,14:15,23,0,0,0,0,0,13,4,2023,early,ORD,16:45,16:30,-15,16:26,4,0,0,0,0,0,16,4,2023
394,UA,2023-11-11,538,N809UA,SYR,18:10,18:06,111,122,-4,18:45,39,0,0,0,0,0,18,5,2023,early,ORD,21:01,21:08,7,21:01,7,0,0,0,0,0,21,5,2023
395,UA,2023-11-12,538,N803UA,SYR,18:10,18:26,111,105,16,18:47,21,0,0,0,0,0,18,6,2023,early,ORD,21:01,21:11,10,21:05,6,0,0,0,0,0,21,6,2023
396,UA,2023-11-12,729,N418UA,SYR,8:45,8:46,109,94,1,9:03,17,0,0,0,0,0,8,6,2023,early,ORD,11:34,11:20,-14,11:16,4,0,0,0,0,0,11,6,2023
397,UA,2023-11-12,1802,N426UA,SYR,13:55,14:19,110,94,24,14:38,19,0,0,0,0,0,13,6,2023,early,ORD,16:45,16:53,8,16:49,4,0,0,0,0,0,16,6,2023
398,UA,2023-11-13,538,N813UA,SYR,18:10,18:00,111,0,-10,18:17,17,0,0,0,0,0,18,0,2023,early,ORD,21:01,22:08,0,22:02,6,0,0,0,0,0,21,0,2023
399,UA,2023-11-14,538,N823UA,SYR,18:10,18:02,111,103,-8,18:20,18,0,0,0,0,0,18,1,2023,early,ORD,21:01,20:45,-16,20:40,5,0,0,0,0,0,21,1,2023
400,UA,2023-11-15,538,N847UA,SYR,18:10,18:05,111,97,-5,18:22,17,0,0,0,0,0,18,2,2023,early,ORD,21:01,20:42,-19,20:38,4,0,0,0,0,0,21,2,2023
401,UA,2023-11-16,538,N829UA,SYR,18:10,18:07,111,95,-3,18:24,17,0,0,0,0,0,18,3,2023,early,ORD,21:01,20:42,-19,20:38,4,0,0,0,0,0,21,3,2023
402,UA,2023-11-17,538,N814UA,SYR,18:10,19:56,111,102,106,20:15,19,0,0,0,0,97,18,4,2023,early,ORD,21:01,22:38,97,22:33,5,0,0,0,0,97,21,4,2023
403,UA,2023-11-18,538,N880UA,SYR,18:10,18:19,111,109,9,18:48,29,0,0,0,0,0,18,5,2023,early,ORD,21:01,21:08,7,21:04,4,0,0,0,0,0,21,5,2023
404,UA,2023-11-19,538,N892UA,SYR,18:10,18:06,111,109,-4,18:27,21,0,0,0,0,0,18,6,2023,early,ORD,21:01,20:55,-6,20:49,6,0,0,0,0,0,21,6,2023
405,UA,2023-11-20,538,N830UA,SYR,18:10,18:09,111,120,-1,18:48,39,0,0,0,0,0,18,0,2023,early,ORD,21:01,21:09,8,21:05,4,0,0,0,0,0,21,0,2023
406,UA,2023-11-21,538,N850UA,SYR,18:10,18:10,111,99,0,18:27,17,0,0,0,0,0,18,1,2023,early,ORD,21:01,20:49,-12,20:45,4,0,0,0,0,0,21,1,2023
407,UA,2023-11-22,538,N853UA,SYR,18:10,18:07,111,106,-3,18:25,18,0,0,0,0,0,18,2,2023,early,ORD,21:01,20:53,-8,20:48,5,0,0,0,0,0,21,2,2023
408,UA,2023-11-23,1802,N876UA,SYR,14:00,13:56,111,107,-4,14:20,24,0,0,0,0,0,14,3,2023,early,ORD,16:51,16:43,-8,16:36,7,0,0,0,0,0,16,3,2023
409,UA,2023-11-24,538,N808UA,SYR,18:10,18:05,111,94,-5,18:20,15,0,0,0,0,0,18,4,2023,early,ORD,21:01,20:39,-22,20:34,5,0,0,0,0,0,21,4,2023
410,UA,2023-11-25,538,N876UA,SYR,18:10,18:05,111,107,-5,18:26,21,0,0,0,0,0,18,5,2023,early,ORD,21:01,20:52,-9,20:41,11,0,0,0,0,0,21,5,2023
411,UA,2023-11-26,538,N818UA,SYR,18:10,18:47,111,111,37,19:21,34,29,0,0,0,8,18,6,2023,early,ORD,21:01,21:38,37,21:34,4,29,0,0,0,8,21,6,2023
412,UA,2023-11-27,538,N847UA,SYR,18:10,18:05,111,101,-5,18:25,20,0,0,0,0,0,18,0,2023,early,ORD,21:01,20:46,-15,20:40,6,0,0,0,0,0,21,0,2023
413,UA,2023-11-27,1764,N811UA,SYR,0:28,0:22,109,98,-6,0:40,18,0,0,0,0,0,0,0,2023,early,ORD,3:17,3:00,-17,2:55,5,0,0,0,0,0,3,0,2023
414,UA,2023-11-28,538,N822UA,SYR,18:10,18:07,111,110,-3,18:28,21,0,0,0,0,0,18,1,2023,early,ORD,21:01,20:57,-4,20:50,7,0,0,0,0,0,21,1,2023
415,UA,2023-11-29,538,N892UA,SYR,18:10,18:04,111,101,-6,18:22,18,0,0,0,0,0,18,2,2023,early,ORD,21:01,20:45,-16,20:39,6,0,0,0,0,0,21,2,2023
416,UA,2023-11-30,538,N854UA,SYR,18:10,17:58,111,95,-12,18:11,13,0,0,0,0,0,18,3,2023,early,ORD,21:01,20:33,-28,20:27,6,0,0,0,0,0,21,3,2023
417,UA,2023-12-01,538,N802UA,SYR,18:10,18:49,111,0,39,19:24,35,0,0,0,0,0,18,4,2023,early,ORD,21:01,1:36,0,1:31,5,0,0,0,0,0,21,4,2023
418,UA,2023-12-02,538,N803UA,SYR,18:10,18:14,111,122,4,18:58,44,0,0,15,0,0,18,5,2023,early,ORD,21:01,21:16,15,21:11,5,0,0,15,0,0,21,5,2023
419,UA,2023-12-03,538,N847UA,SYR,18:10,18:07,111,101,-3,18:27,20,0,0,0,0,0,18,6,2023,early,ORD,21:01,20:48,-13,20:44,4,0,0,0,0,0,21,6,2023
420,UA,2023-12-04,538,N801UA,SYR,18:10,18:10,111,100,0,18:22,12,0,0,0,0,0,18,0,2023,early,ORD,21:01,20:50,-11,20:44,6,0,0,0,0,0,21,0,2023
421,UA,2023-12-05,538,N825UA,SYR,18:10,18:07,111,112,-3,18:34,27,0,0,0,0,0,18,1,2023,early,ORD,21:01,20:59,-2,20:54,5,0,0,0,0,0,21,1,2023
422,UA,2023-12-06,355,N883UA,SYR,18:10,18:40,111,126,30,19:22,42,0,0,15,0,30,18,2,2023,early,ORD,21:01,21:46,45,21:40,6,0,0,15,0,30,21,2,2023
423,UA,2023-12-07,538,N878UA,SYR,18:10,18:11,111,111,1,18:33,22,0,0,0,0,0,18,3,2023,early,ORD,21:01,21:02,1,20:55,7,0,0,0,0,0,21,3,2023
424,UA,2023-12-08,538,N851UA,SYR,18:10,18:07,111,105,-3,18:32,25,0,0,0,0,0,18,4,2023,early,ORD,21:01,20:52,-9,20:47,5,0,0,0,0,0,21,4,2023
425,UA,2023-12-09,538,N883UA,SYR,18:10,18:10,111,97,0,18:31,21,0,0,0,0,0,18,5,2023,early,ORD,21:01,20:47,-14,20:42,5,0,0,0,0,0,21,5,2023
426,UA,2023-12-10,538,N818UA,SYR,18:10,18:40,111,115,30,19:08,28,30,0,4,0,0,18,6,2023,early,ORD,21:01,21:35,34,21:29,6,30,0,4,0,0,21,6,2023
427,UA,2023-12-11,538,N445UA,SYR,18:10,18:00,111,107,-10,18:17,17,0,0,0,0,0,18,0,2023,early,ORD,21:01,20:47,-14,20:42,5,0,0,0,0,0,21,0,2023
428,UA,2023-12-12,538,N801UA,SYR,18:10,18:04,111,98,-6,18:19,15,0,0,0,0,0,18,1,2023,early,ORD,21:01,20:42,-19,20:37,5,0,0,0,0,0,21,1,2023
429,UA,2023-12-13,538,N801UA,SYR,18:10,18:07,111,109,-3,18:30,23,0,0,0,0,0,18,2,2023,early,ORD,21:01,20:56,-5,20:51,5,0,0,0,0,0,21,2,2023
430,UA,2023-12-14,538,N851UA,SYR,18:10,18:03,111,111,-7,18:22,19,0,0,0,0,0,18,3,2023,early,ORD,21:01,20:54,-7,20:49,5,0,0,0,0,0,21,3,2023
431,UA,2023-12-15,538,N896UA,SYR,18:10,18:07,111,107,-3,18:26,19,0,0,0,0,0,18,4,2023,early,ORD,21:01,20:54,-7,20:49,5,0,0,0,0,0,21,4,2023
432,UA,2023-12-16,538,N825UA,SYR,18:10,18:17,111,95,7,18:34,17,0,0,0,0,0,18,5,2023,early,ORD,21:01,20:52,-9,20:48,4,0,0,0,0,0,21,5,2023
433,UA,2023-12-17,538,N851UA,SYR,18:10,18:10,111,100,0,18:26,16,0,0,0,0,0,18,6,2023,early,ORD,21:01,20:50,-11,20:46,4,0,0,0,0,0,21,6,2023
434,UA,2023-12-18,538,N855UA,SYR,18:10,18:08,111,99,-2,18:23,15,0,0,0,0,0,18,0,2023,early,ORD,21:01,20:47,-14,20:42,5,0,0,0,0,0,21,0,2023
435,UA,2023-12-19,538,N878UA,SYR,18:10,18:06,111,113,-4,18:31,25,0,0,0,0,0,18,1,2023,early,ORD,21:01,20:59,-2,20:53,6,0,0,0,0,0,21,1,2023
436,UA,2023-12-20,1983,N837UA,SYR,18:15,18:15,114,114,0,18:45,30,0,0,0,0,0,18,2,2023,early,ORD,21:09,21:09,0,21:05,4,0,0,0,0,0,21,2,2023
437,UA,2023-12-22,1983,N831UA,SYR,18:15,18:12,114,130,-3,19:02,50,0,0,0,0,0,18,4,2023,early,ORD,21:09,21:22,13,21:18,4,0,0,0,0,0,21,4,2023
438,UA,2023-12-23,783,N17730,SYR,21:05,21:54,114,114,49,22:30,36,7,0,0,0,42,21,5,2023,early,ORD,23:59,0:48,49,0:42,6,7,0,0,0,42,23,5,2023
439,UA,2023-12-24,1983,N495UA,SYR,18:15,20:33,114,118,138,20:47,14,62,0,4,0,76,18,6,2023,early,ORD,21:09,23:31,142,23:04,27,62,0,4,0,76,21,6,2023
440,UA,2023-12-25,1983,N422UA,SYR,18:15,18:21,114,128,6,19:03,42,6,0,14,0,0,18,0,2023,early,ORD,21:09,21:29,20,21:25,4,6,0,14,0,0,21,0,2023
441,UA,2023-12-26,1983,N837UA,SYR,18:15,18:21,114,98,6,18:38,17,0,0,0,0,0,18,1,2023,early,ORD,21:09,20:59,-10,20:55,4,0,0,0,0,0,21,1,2023
442,UA,2023-12-27,1983,N850UA,SYR,18:15,18:24,114,123,9,19:03,39,9,0,9,0,0,18,2,2023,early,ORD,21:09,21:27,18,21:23,4,9,0,9,0,0,21,2,2023
443,UA,2023-12-28,1983,N879UA,SYR,18:15,18:13,114,113,-2,18:40,27,0,0,0,0,0,18,3,2023,early,ORD,21:09,21:06,-3,21:03,3,0,0,0,0,0,21,3,2023
444,UA,2023-12-29,1983,N897UA,SYR,18:15,18:12,114,116,-3,18:33,21,0,0,0,0,0,18,4,2023,early,ORD,21:09,21:08,-1,21:02,6,0,0,0,0,0,21,4,2023
445,UA,2023-12-30,783,N17719,SYR,21:05,21:29,114,104,24,21:46,17,0,0,0,0,0,21,5,2023,early,ORD,23:59,0:13,14,0:08,5,0,0,0,0,0,23,5,2023
446,UA,2023-12-31,1983,N836UA,SYR,18:15,18:06,114,113,-9,18:30,24,0,0,0,0,0,18,6,2023,early,ORD,21:09,20:59,-10,20:54,5,0,0,0,0,0,21,6,2023
